ISO-10303-21;
HEADER;
FILE_DESCRIPTION(('STEP AP214'),'1');
FILE_NAME('CON6_2X3_SU_FTS_SAI','2025-04-04T11:04:31',(''),(''),'','','');
FILE_SCHEMA(('AUTOMOTIVE_DESIGN'));
ENDSEC;
DATA;
#1=SHAPE_DEFINITION_REPRESENTATION(#2,#3);
#2=PRODUCT_DEFINITION_SHAPE('',$,#4);
#3=SHAPE_REPRESENTATION('',(#197,#2061,#3926,#3928,#5296,#5298,#6666,#6668,#8036,#8038,#9406,#9408,#10776,#10778,#19),#11);
#4=PRODUCT_DEFINITION('design','example product_definition',#6,#5);
#5=PRODUCT_DEFINITION_CONTEXT('3D Mechanical Parts',#10,'design');
#6=PRODUCT_DEFINITION_FORMATION('1.0','first version',#8);
#7=APPLICATION_PROTOCOL_DEFINITION('international standard','automotive_design',2003,#10);
#8=PRODUCT('product','part','',(#9));
#9=PRODUCT_CONTEXT('3D Mechanical Parts',#10,'mechanical');
#10=APPLICATION_CONTEXT('Core Data for Automotive Mechanical Design Process');
#11=(GEOMETRIC_REPRESENTATION_CONTEXT(3) GLOBAL_UNCERTAINTY_ASSIGNED_CONTEXT((#12)) GLOBAL_UNIT_ASSIGNED_CONTEXT((#13,#14,#18)) REPRESENTATION_CONTEXT('ID1','3D'));
#12=UNCERTAINTY_MEASURE_WITH_UNIT(LENGTH_MEASURE(1.E-005),#13,'DISTANCE_ACCURACY_VALUE','Maximum model space distance between geometric entities at asserted connectivities');
#13=(LENGTH_UNIT() NAMED_UNIT(*) SI_UNIT(.MILLI.,.METRE.));
#14=(CONVERSION_BASED_UNIT('degree',#16) NAMED_UNIT(#15) PLANE_ANGLE_UNIT());
#15=DIMENSIONAL_EXPONENTS(0.,0.,0.,0.,0.,0.,0.);
#16=MEASURE_WITH_UNIT(PLANE_ANGLE_MEASURE(0.01745329252),#17);
#17=(NAMED_UNIT(*) PLANE_ANGLE_UNIT() SI_UNIT($,.RADIAN.));
#18=(NAMED_UNIT(*) SI_UNIT($,.STERADIAN.) SOLID_ANGLE_UNIT());
#19=AXIS2_PLACEMENT_3D('',#20,#21,#22);
#20=CARTESIAN_POINT('',(0.0,0.0,0.0));
#21=DIRECTION('',(0.0,0.0,1.0));
#22=DIRECTION('',(1.0,0.0,0.0));
#25=MECHANICAL_DESIGN_GEOMETRIC_PRESENTATION_REPRESENTATION($,(#199,#248,#297,#346,#395,#444,#493,#542,#591,#640,#689,#738,#787,#836,#885,#934,#983,#1032,#1081,#1130,#1179,#1228,#1277,#1326,#1375,#1424,#1473,#1522,#1571,#1620,#1669,#1718,#1767,#1816,#1865,#1914,#1963,#2012,#2063,#2112,#2161,#2210,#2259,#2308,#2357,#2406,#2455,#2504,#2553,#2602,#2651,#2700,#2749,#2798,#2847,#2896,#2945,#2994,#3043,#3092,#3141,#3190,#3239,#3288,#3337,#3386,#3435,#3484,#3533,#3582,#3631,#3680,#3729,#3778,#3827,#3876,#3930,#3979,#4028,#4077,#4126,#4175,#4224,#4273,#4322,#4371,#4420,#4469,#4518,#4567,#4665,#4763,#4812,#4861,#4910,#4959,#5008,#5059,#5110,#5203,#5300,#5349,#5398,#5447,#5496,#5545,#5594,#5643,#5692,#5741,#5790,#5839,#5888,#5937,#6035,#6133,#6182,#6231,#6280,#6329,#6378,#6429,#6480,#6573,#6670,#6719,#6768,#6817,#6866,#6915,#6964,#7013,#7062,#7111,#7160,#7209,#7258,#7307,#7405,#7503,#7552,#7601,#7650,#7699,#7748,#7799,#7850,#7943,#8040,#8089,#8138,#8187,#8236,#8285,#8334,#8383,#8432,#8481,#8530,#8579,#8628,#8677,#8775,#8873,#8922,#8971,#9020,#9069,#9118,#9169,#9220,#9313,#9410,#9459,#9508,#9557,#9606,#9655,#9704,#9753,#9802,#9851,#9900,#9949,#9998,#10047,#10145,#10243,#10292,#10341,#10390,#10439,#10488,#10539,#10590,#10683,#10780,#10829,#10878,#10927,#10976,#11025,#11074,#11123,#11172,#11221,#11270,#11319,#11368,#11417,#11515,#11613,#11662,#11711,#11760,#11809,#11858,#11909,#11960,#12053),#11);
#26=PRODUCT_CATEGORY_RELATIONSHIP('','',#27,#28);
#27=PRODUCT_CATEGORY('part','');
#28=PRODUCT_RELATED_PRODUCT_CATEGORY('','',(#8));
#34=PRESENTATION_STYLE_ASSIGNMENT((#35,#40));
#35=SURFACE_STYLE_USAGE(.BOTH.,#36);
#36=SURFACE_SIDE_STYLE('',(#37));
#37=SURFACE_STYLE_FILL_AREA(#38);
#38=FILL_AREA_STYLE('',(#39));
#39=FILL_AREA_STYLE_COLOUR('',#41);
#40=CURVE_STYLE('',#42,POSITIVE_LENGTH_MEASURE(0.1),#41);
#41=COLOUR_RGB('Gold',0.843,0.686,0.0);
#42=DRAUGHTING_PRE_DEFINED_CURVE_FONT('continuous');
#43=PRESENTATION_STYLE_ASSIGNMENT((#44,#49));
#44=SURFACE_STYLE_USAGE(.BOTH.,#45);
#45=SURFACE_SIDE_STYLE('',(#46));
#46=SURFACE_STYLE_FILL_AREA(#47);
#47=FILL_AREA_STYLE('',(#48));
#48=FILL_AREA_STYLE_COLOUR('',#50);
#49=CURVE_STYLE('',#51,POSITIVE_LENGTH_MEASURE(0.1),#50);
#50=COLOUR_RGB('Black',0.196,0.196,0.196);
#51=DRAUGHTING_PRE_DEFINED_CURVE_FONT('continuous');
#52=PRESENTATION_STYLE_ASSIGNMENT((#53,#58));
#53=SURFACE_STYLE_USAGE(.BOTH.,#54);
#54=SURFACE_SIDE_STYLE('',(#55));
#55=SURFACE_STYLE_FILL_AREA(#56);
#56=FILL_AREA_STYLE('',(#57));
#57=FILL_AREA_STYLE_COLOUR('',#59);
#58=CURVE_STYLE('',#60,POSITIVE_LENGTH_MEASURE(0.1),#59);
#59=COLOUR_RGB('LightGreen',0.294,0.784,0.588);
#60=DRAUGHTING_PRE_DEFINED_CURVE_FONT('continuous');
#61=PRESENTATION_STYLE_ASSIGNMENT((#62,#67));
#62=SURFACE_STYLE_USAGE(.BOTH.,#63);
#63=SURFACE_SIDE_STYLE('',(#64));
#64=SURFACE_STYLE_FILL_AREA(#65);
#65=FILL_AREA_STYLE('',(#66));
#66=FILL_AREA_STYLE_COLOUR('',#68);
#67=CURVE_STYLE('',#69,POSITIVE_LENGTH_MEASURE(0.1),#68);
#68=COLOUR_RGB('Shroud',0.235,0.235,0.235);
#69=DRAUGHTING_PRE_DEFINED_CURVE_FONT('continuous');
#70=PRESENTATION_STYLE_ASSIGNMENT((#71,#76));
#71=SURFACE_STYLE_USAGE(.BOTH.,#72);
#72=SURFACE_SIDE_STYLE('',(#73));
#73=SURFACE_STYLE_FILL_AREA(#74);
#74=FILL_AREA_STYLE('',(#75));
#75=FILL_AREA_STYLE_COLOUR('',#77);
#76=CURVE_STYLE('',#78,POSITIVE_LENGTH_MEASURE(0.1),#77);
#77=COLOUR_RGB('Aluminum',0.725,0.725,0.725);
#78=DRAUGHTING_PRE_DEFINED_CURVE_FONT('continuous');
#79=PRESENTATION_STYLE_ASSIGNMENT((#80,#85));
#80=SURFACE_STYLE_USAGE(.BOTH.,#81);
#81=SURFACE_SIDE_STYLE('',(#82));
#82=SURFACE_STYLE_FILL_AREA(#83);
#83=FILL_AREA_STYLE('',(#84));
#84=FILL_AREA_STYLE_COLOUR('',#86);
#85=CURVE_STYLE('',#87,POSITIVE_LENGTH_MEASURE(0.1),#86);
#86=COLOUR_RGB('Brown',0.459,0.345,0.176);
#87=DRAUGHTING_PRE_DEFINED_CURVE_FONT('continuous');
#88=PRESENTATION_STYLE_ASSIGNMENT((#89,#94));
#89=SURFACE_STYLE_USAGE(.BOTH.,#90);
#90=SURFACE_SIDE_STYLE('',(#91));
#91=SURFACE_STYLE_FILL_AREA(#92);
#92=FILL_AREA_STYLE('',(#93));
#93=FILL_AREA_STYLE_COLOUR('',#95);
#94=CURVE_STYLE('',#96,POSITIVE_LENGTH_MEASURE(0.1),#95);
#95=COLOUR_RGB('Tan',0.784,0.686,0.51);
#96=DRAUGHTING_PRE_DEFINED_CURVE_FONT('continuous');
#97=PRESENTATION_STYLE_ASSIGNMENT((#98,#103));
#98=SURFACE_STYLE_USAGE(.BOTH.,#99);
#99=SURFACE_SIDE_STYLE('',(#100));
#100=SURFACE_STYLE_FILL_AREA(#101);
#101=FILL_AREA_STYLE('',(#102));
#102=FILL_AREA_STYLE_COLOUR('',#104);
#103=CURVE_STYLE('',#105,POSITIVE_LENGTH_MEASURE(0.1),#104);
#104=COLOUR_RGB('Gray',0.431,0.431,0.431);
#105=DRAUGHTING_PRE_DEFINED_CURVE_FONT('continuous');
#106=PRESENTATION_STYLE_ASSIGNMENT((#107,#112));
#107=SURFACE_STYLE_USAGE(.BOTH.,#108);
#108=SURFACE_SIDE_STYLE('',(#109));
#109=SURFACE_STYLE_FILL_AREA(#110);
#110=FILL_AREA_STYLE('',(#111));
#111=FILL_AREA_STYLE_COLOUR('',#113);
#112=CURVE_STYLE('',#114,POSITIVE_LENGTH_MEASURE(0.1),#113);
#113=COLOUR_RGB('Red',0.6,0.0,0.0);
#114=DRAUGHTING_PRE_DEFINED_CURVE_FONT('continuous');
#115=PRESENTATION_STYLE_ASSIGNMENT((#116,#121));
#116=SURFACE_STYLE_USAGE(.BOTH.,#117);
#117=SURFACE_SIDE_STYLE('',(#118));
#118=SURFACE_STYLE_FILL_AREA(#119);
#119=FILL_AREA_STYLE('',(#120));
#120=FILL_AREA_STYLE_COLOUR('',#122);
#121=CURVE_STYLE('',#123,POSITIVE_LENGTH_MEASURE(0.1),#122);
#122=COLOUR_RGB('Blue',0.157,0.157,0.588);
#123=DRAUGHTING_PRE_DEFINED_CURVE_FONT('continuous');
#124=PRESENTATION_STYLE_ASSIGNMENT((#125,#130));
#125=SURFACE_STYLE_USAGE(.BOTH.,#126);
#126=SURFACE_SIDE_STYLE('',(#127));
#127=SURFACE_STYLE_FILL_AREA(#128);
#128=FILL_AREA_STYLE('',(#129));
#129=FILL_AREA_STYLE_COLOUR('',#131);
#130=CURVE_STYLE('',#132,POSITIVE_LENGTH_MEASURE(0.1),#131);
#131=COLOUR_RGB('Maroon',0.294,0.0,0.0);
#132=DRAUGHTING_PRE_DEFINED_CURVE_FONT('continuous');
#133=PRESENTATION_STYLE_ASSIGNMENT((#134,#139));
#134=SURFACE_STYLE_USAGE(.BOTH.,#135);
#135=SURFACE_SIDE_STYLE('',(#136));
#136=SURFACE_STYLE_FILL_AREA(#137);
#137=FILL_AREA_STYLE('',(#138));
#138=FILL_AREA_STYLE_COLOUR('',#140);
#139=CURVE_STYLE('',#141,POSITIVE_LENGTH_MEASURE(0.1),#140);
#140=COLOUR_RGB('Green',0.0,0.294,0.0);
#141=DRAUGHTING_PRE_DEFINED_CURVE_FONT('continuous');
#142=PRESENTATION_STYLE_ASSIGNMENT((#143,#148));
#143=SURFACE_STYLE_USAGE(.BOTH.,#144);
#144=SURFACE_SIDE_STYLE('',(#145));
#145=SURFACE_STYLE_FILL_AREA(#146);
#146=FILL_AREA_STYLE('',(#147));
#147=FILL_AREA_STYLE_COLOUR('',#149);
#148=CURVE_STYLE('',#150,POSITIVE_LENGTH_MEASURE(0.1),#149);
#149=COLOUR_RGB('Pin1',0.588,0.588,0.059);
#150=DRAUGHTING_PRE_DEFINED_CURVE_FONT('continuous');
#151=PRESENTATION_STYLE_ASSIGNMENT((#152,#157));
#152=SURFACE_STYLE_USAGE(.BOTH.,#153);
#153=SURFACE_SIDE_STYLE('',(#154));
#154=SURFACE_STYLE_FILL_AREA(#155);
#155=FILL_AREA_STYLE('',(#156));
#156=FILL_AREA_STYLE_COLOUR('',#158);
#157=CURVE_STYLE('',#159,POSITIVE_LENGTH_MEASURE(0.1),#158);
#158=COLOUR_RGB('Pin1Wrap',0.98,0.706,0.176);
#159=DRAUGHTING_PRE_DEFINED_CURVE_FONT('continuous');
#160=PRESENTATION_STYLE_ASSIGNMENT((#161,#166));
#161=SURFACE_STYLE_USAGE(.BOTH.,#162);
#162=SURFACE_SIDE_STYLE('',(#163));
#163=SURFACE_STYLE_FILL_AREA(#164);
#164=FILL_AREA_STYLE('',(#165));
#165=FILL_AREA_STYLE_COLOUR('',#167);
#166=CURVE_STYLE('',#168,POSITIVE_LENGTH_MEASURE(0.1),#167);
#167=COLOUR_RGB('Pin1Rad',0.588,0.588,0.588);
#168=DRAUGHTING_PRE_DEFINED_CURVE_FONT('continuous');
#169=PRESENTATION_STYLE_ASSIGNMENT((#170,#175));
#170=SURFACE_STYLE_USAGE(.BOTH.,#171);
#171=SURFACE_SIDE_STYLE('',(#172));
#172=SURFACE_STYLE_FILL_AREA(#173);
#173=FILL_AREA_STYLE('',(#174));
#174=FILL_AREA_STYLE_COLOUR('',#176);
#175=CURVE_STYLE('',#177,POSITIVE_LENGTH_MEASURE(0.1),#176);
#176=COLOUR_RGB('Pin1Axial',0.98,0.706,0.176);
#177=DRAUGHTING_PRE_DEFINED_CURVE_FONT('continuous');
#178=PRESENTATION_STYLE_ASSIGNMENT((#179,#184));
#179=SURFACE_STYLE_USAGE(.BOTH.,#180);
#180=SURFACE_SIDE_STYLE('',(#181));
#181=SURFACE_STYLE_FILL_AREA(#182);
#182=FILL_AREA_STYLE('',(#183));
#183=FILL_AREA_STYLE_COLOUR('',#185);
#184=CURVE_STYLE('',#186,POSITIVE_LENGTH_MEASURE(0.1),#185);
#185=COLOUR_RGB('Pin1Tant',0.459,0.345,0.176);
#186=DRAUGHTING_PRE_DEFINED_CURVE_FONT('continuous');
#187=PRESENTATION_STYLE_ASSIGNMENT((#188,#193));
#188=SURFACE_STYLE_USAGE(.BOTH.,#189);
#189=SURFACE_SIDE_STYLE('',(#190));
#190=SURFACE_STYLE_FILL_AREA(#191);
#191=FILL_AREA_STYLE('',(#192));
#192=FILL_AREA_STYLE_COLOUR('',#194);
#193=CURVE_STYLE('',#195,POSITIVE_LENGTH_MEASURE(0.1),#194);
#194=COLOUR_RGB('HeatTab',0.588,0.588,0.588);
#195=DRAUGHTING_PRE_DEFINED_CURVE_FONT('continuous');
#197=MANIFOLD_SOLID_BREP($,#198);
#198=CLOSED_SHELL('',(#200,#249,#298,#347,#396,#445,#494,#543,#592,#641,#690,#739,#788,#837,#886,#935,#984,#1033,#1082,#1131,#1180,#1229,#1278,#1327,#1376,#1425,#1474,#1523,#1572,#1621,#1670,#1719,#1768,#1817,#1866,#1915,#1964,#2013));
#199=STYLED_ITEM('',(#43),#200);
#200=ADVANCED_FACE('',(#206),#201,.T.);
#201=PLANE('',#202);
#202=AXIS2_PLACEMENT_3D('',#203,#204,#205);
#203=CARTESIAN_POINT('',(1.905,0.102,1.753));
#204=DIRECTION('',(0.507,0.0,0.862));
#205=DIRECTION('',(0.,0.,1.));
#206=FACE_OUTER_BOUND('',#207,.T.);
#207=EDGE_LOOP('',(#208,#218,#228,#238));
#211=CARTESIAN_POINT('',(1.905,1.613,1.753));
#210=VERTEX_POINT('',#211);
#213=CARTESIAN_POINT('',(1.905,0.102,1.753));
#212=VERTEX_POINT('',#213);
#209=EDGE_CURVE('',#210,#212,#214,.T.);
#214=LINE('',#211,#216);
#216=VECTOR('',#217,1.5112873);
#217=DIRECTION('',(0.0,-1.0,0.0));
#208=ORIENTED_EDGE('',*,*,#209,.F.);
#221=CARTESIAN_POINT('',(1.689,1.715,1.88));
#220=VERTEX_POINT('',#221);
#219=EDGE_CURVE('',#220,#210,#224,.T.);
#224=LINE('',#221,#226);
#226=VECTOR('',#227,0.270301532497774);
#227=DIRECTION('',(0.799,-0.376,-0.47));
#218=ORIENTED_EDGE('',*,*,#219,.F.);
#231=CARTESIAN_POINT('',(1.689,0.0,1.88));
#230=VERTEX_POINT('',#231);
#229=EDGE_CURVE('',#230,#220,#234,.T.);
#234=LINE('',#231,#236);
#236=VECTOR('',#237,1.7145);
#237=DIRECTION('',(0.0,1.0,0.0));
#228=ORIENTED_EDGE('',*,*,#229,.F.);
#239=EDGE_CURVE('',#212,#230,#244,.T.);
#244=LINE('',#213,#246);
#246=VECTOR('',#247,0.270301532497774);
#247=DIRECTION('',(-0.799,-0.376,0.47));
#238=ORIENTED_EDGE('',*,*,#239,.F.);
#248=STYLED_ITEM('',(#43),#249);
#249=ADVANCED_FACE('',(#255),#250,.T.);
#250=PLANE('',#251);
#251=AXIS2_PLACEMENT_3D('',#252,#253,#254);
#252=CARTESIAN_POINT('',(0.851,0.0,1.88));
#253=DIRECTION('',(0.0,0.0,1.0));
#254=DIRECTION('',(0.,1.,0.));
#255=FACE_OUTER_BOUND('',#256,.T.);
#256=EDGE_LOOP('',(#257,#267,#277,#287));
#262=CARTESIAN_POINT('',(0.851,0.0,1.88));
#261=VERTEX_POINT('',#262);
#258=EDGE_CURVE('',#230,#261,#263,.T.);
#263=LINE('',#231,#265);
#265=VECTOR('',#266,0.8382127);
#266=DIRECTION('',(-1.0,0.0,0.0));
#257=ORIENTED_EDGE('',*,*,#258,.F.);
#267=ORIENTED_EDGE('',*,*,#229,.T.);
#280=CARTESIAN_POINT('',(0.851,1.715,1.88));
#279=VERTEX_POINT('',#280);
#278=EDGE_CURVE('',#279,#220,#283,.T.);
#283=LINE('',#280,#285);
#285=VECTOR('',#286,0.8382127);
#286=DIRECTION('',(1.0,0.0,0.0));
#277=ORIENTED_EDGE('',*,*,#278,.F.);
#288=EDGE_CURVE('',#261,#279,#293,.T.);
#293=LINE('',#262,#295);
#295=VECTOR('',#296,1.7145);
#296=DIRECTION('',(0.0,1.0,0.0));
#287=ORIENTED_EDGE('',*,*,#288,.F.);
#297=STYLED_ITEM('',(#43),#298);
#298=ADVANCED_FACE('',(#304),#299,.T.);
#299=PLANE('',#300);
#300=AXIS2_PLACEMENT_3D('',#301,#302,#303);
#301=CARTESIAN_POINT('',(0.635,0.102,1.753));
#302=DIRECTION('',(-0.507,0.0,0.862));
#303=DIRECTION('',(0.,0.,1.));
#304=FACE_OUTER_BOUND('',#305,.T.);
#305=EDGE_LOOP('',(#306,#316,#326,#336));
#311=CARTESIAN_POINT('',(0.635,0.102,1.753));
#310=VERTEX_POINT('',#311);
#307=EDGE_CURVE('',#261,#310,#312,.T.);
#312=LINE('',#262,#314);
#314=VECTOR('',#315,0.270301532497774);
#315=DIRECTION('',(-0.799,0.376,-0.47));
#306=ORIENTED_EDGE('',*,*,#307,.F.);
#316=ORIENTED_EDGE('',*,*,#288,.T.);
#329=CARTESIAN_POINT('',(0.635,1.613,1.753));
#328=VERTEX_POINT('',#329);
#327=EDGE_CURVE('',#328,#279,#332,.T.);
#332=LINE('',#329,#334);
#334=VECTOR('',#335,0.270301532497774);
#335=DIRECTION('',(0.799,0.376,0.47));
#326=ORIENTED_EDGE('',*,*,#327,.F.);
#337=EDGE_CURVE('',#310,#328,#342,.T.);
#342=LINE('',#311,#344);
#344=VECTOR('',#345,1.5112873);
#345=DIRECTION('',(0.0,1.0,0.0));
#336=ORIENTED_EDGE('',*,*,#337,.F.);
#346=STYLED_ITEM('',(#43),#347);
#347=ADVANCED_FACE('',(#353),#348,.T.);
#348=PLANE('',#349);
#349=AXIS2_PLACEMENT_3D('',#350,#351,#352);
#350=CARTESIAN_POINT('',(1.905,0.102,0.927));
#351=DIRECTION('',(1.0,0.0,0.0));
#352=DIRECTION('',(0.,0.,1.));
#353=FACE_OUTER_BOUND('',#354,.T.);
#354=EDGE_LOOP('',(#355,#365,#375,#385));
#358=CARTESIAN_POINT('',(1.905,1.613,0.927));
#357=VERTEX_POINT('',#358);
#360=CARTESIAN_POINT('',(1.905,0.102,0.927));
#359=VERTEX_POINT('',#360);
#356=EDGE_CURVE('',#357,#359,#361,.T.);
#361=LINE('',#358,#363);
#363=VECTOR('',#364,1.5112873);
#364=DIRECTION('',(0.0,-1.0,0.0));
#355=ORIENTED_EDGE('',*,*,#356,.F.);
#366=EDGE_CURVE('',#210,#357,#371,.T.);
#371=LINE('',#211,#373);
#373=VECTOR('',#374,0.8255);
#374=DIRECTION('',(0.0,0.0,-1.0));
#365=ORIENTED_EDGE('',*,*,#366,.F.);
#375=ORIENTED_EDGE('',*,*,#209,.T.);
#386=EDGE_CURVE('',#359,#212,#391,.T.);
#391=LINE('',#360,#393);
#393=VECTOR('',#394,0.8255);
#394=DIRECTION('',(0.0,0.0,1.0));
#385=ORIENTED_EDGE('',*,*,#386,.F.);
#395=STYLED_ITEM('',(#43),#396);
#396=ADVANCED_FACE('',(#402),#397,.T.);
#397=PLANE('',#398);
#398=AXIS2_PLACEMENT_3D('',#399,#400,#401);
#399=CARTESIAN_POINT('',(1.905,1.613,0.927));
#400=DIRECTION('',(0.426,0.905,0.0));
#401=DIRECTION('',(0.,0.,1.));
#402=FACE_OUTER_BOUND('',#403,.T.);
#403=EDGE_LOOP('',(#404,#414,#424,#434));
#407=CARTESIAN_POINT('',(1.689,1.715,0.61));
#406=VERTEX_POINT('',#407);
#405=EDGE_CURVE('',#406,#357,#410,.T.);
#410=LINE('',#407,#412);
#412=VECTOR('',#413,0.397165165228076);
#413=DIRECTION('',(0.544,-0.256,0.799));
#404=ORIENTED_EDGE('',*,*,#405,.F.);
#415=EDGE_CURVE('',#220,#406,#420,.T.);
#420=LINE('',#221,#422);
#422=VECTOR('',#423,1.27);
#423=DIRECTION('',(0.0,0.0,-1.0));
#414=ORIENTED_EDGE('',*,*,#415,.F.);
#424=ORIENTED_EDGE('',*,*,#219,.T.);
#434=ORIENTED_EDGE('',*,*,#366,.T.);
#444=STYLED_ITEM('',(#43),#445);
#445=ADVANCED_FACE('',(#451),#446,.T.);
#446=PLANE('',#447);
#447=AXIS2_PLACEMENT_3D('',#448,#449,#450);
#448=CARTESIAN_POINT('',(1.689,1.715,0.61));
#449=DIRECTION('',(0.0,1.0,0.0));
#450=DIRECTION('',(0.,0.,1.));
#451=FACE_OUTER_BOUND('',#452,.T.);
#452=EDGE_LOOP('',(#453,#463,#473,#483));
#456=CARTESIAN_POINT('',(0.851,1.715,0.61));
#455=VERTEX_POINT('',#456);
#454=EDGE_CURVE('',#455,#406,#459,.T.);
#459=LINE('',#456,#461);
#461=VECTOR('',#462,0.8382127);
#462=DIRECTION('',(1.0,0.0,0.0));
#453=ORIENTED_EDGE('',*,*,#454,.F.);
#464=EDGE_CURVE('',#279,#455,#469,.T.);
#469=LINE('',#280,#471);
#471=VECTOR('',#472,1.27);
#472=DIRECTION('',(0.0,0.0,-1.0));
#463=ORIENTED_EDGE('',*,*,#464,.F.);
#473=ORIENTED_EDGE('',*,*,#278,.T.);
#483=ORIENTED_EDGE('',*,*,#415,.T.);
#493=STYLED_ITEM('',(#43),#494);
#494=ADVANCED_FACE('',(#500),#495,.T.);
#495=PLANE('',#496);
#496=AXIS2_PLACEMENT_3D('',#497,#498,#499);
#497=CARTESIAN_POINT('',(0.851,1.715,0.61));
#498=DIRECTION('',(-0.426,0.905,0.0));
#499=DIRECTION('',(0.,0.,1.));
#500=FACE_OUTER_BOUND('',#501,.T.);
#501=EDGE_LOOP('',(#502,#512,#522,#532));
#505=CARTESIAN_POINT('',(0.635,1.613,0.927));
#504=VERTEX_POINT('',#505);
#503=EDGE_CURVE('',#504,#455,#508,.T.);
#508=LINE('',#505,#510);
#510=VECTOR('',#511,0.397165165228076);
#511=DIRECTION('',(0.544,0.256,-0.799));
#502=ORIENTED_EDGE('',*,*,#503,.F.);
#513=EDGE_CURVE('',#328,#504,#518,.T.);
#518=LINE('',#329,#520);
#520=VECTOR('',#521,0.8255);
#521=DIRECTION('',(0.0,0.0,-1.0));
#512=ORIENTED_EDGE('',*,*,#513,.F.);
#522=ORIENTED_EDGE('',*,*,#327,.T.);
#532=ORIENTED_EDGE('',*,*,#464,.T.);
#542=STYLED_ITEM('',(#43),#543);
#543=ADVANCED_FACE('',(#549),#544,.T.);
#544=PLANE('',#545);
#545=AXIS2_PLACEMENT_3D('',#546,#547,#548);
#546=CARTESIAN_POINT('',(0.635,0.102,0.927));
#547=DIRECTION('',(-0.426,-0.905,0.0));
#548=DIRECTION('',(0.,0.,1.));
#549=FACE_OUTER_BOUND('',#550,.T.);
#550=EDGE_LOOP('',(#551,#561,#571,#581));
#554=CARTESIAN_POINT('',(0.851,0.0,0.61));
#553=VERTEX_POINT('',#554);
#556=CARTESIAN_POINT('',(0.635,0.102,0.927));
#555=VERTEX_POINT('',#556);
#552=EDGE_CURVE('',#553,#555,#557,.T.);
#557=LINE('',#554,#559);
#559=VECTOR('',#560,0.397165165228076);
#560=DIRECTION('',(-0.544,0.256,0.799));
#551=ORIENTED_EDGE('',*,*,#552,.F.);
#562=EDGE_CURVE('',#261,#553,#567,.T.);
#567=LINE('',#262,#569);
#569=VECTOR('',#570,1.27);
#570=DIRECTION('',(0.0,0.0,-1.0));
#561=ORIENTED_EDGE('',*,*,#562,.F.);
#571=ORIENTED_EDGE('',*,*,#307,.T.);
#582=EDGE_CURVE('',#555,#310,#587,.T.);
#587=LINE('',#556,#589);
#589=VECTOR('',#590,0.8255);
#590=DIRECTION('',(0.0,0.0,1.0));
#581=ORIENTED_EDGE('',*,*,#582,.F.);
#591=STYLED_ITEM('',(#43),#592);
#592=ADVANCED_FACE('',(#598),#593,.T.);
#593=PLANE('',#594);
#594=AXIS2_PLACEMENT_3D('',#595,#596,#597);
#595=CARTESIAN_POINT('',(0.851,0.0,0.61));
#596=DIRECTION('',(0.0,-1.0,0.0));
#597=DIRECTION('',(0.,0.,1.));
#598=FACE_OUTER_BOUND('',#599,.T.);
#599=EDGE_LOOP('',(#600,#610,#620,#630));
#603=CARTESIAN_POINT('',(1.689,0.0,0.61));
#602=VERTEX_POINT('',#603);
#601=EDGE_CURVE('',#602,#553,#606,.T.);
#606=LINE('',#603,#608);
#608=VECTOR('',#609,0.8382127);
#609=DIRECTION('',(-1.0,0.0,0.0));
#600=ORIENTED_EDGE('',*,*,#601,.F.);
#611=EDGE_CURVE('',#230,#602,#616,.T.);
#616=LINE('',#231,#618);
#618=VECTOR('',#619,1.27);
#619=DIRECTION('',(0.0,0.0,-1.0));
#610=ORIENTED_EDGE('',*,*,#611,.F.);
#620=ORIENTED_EDGE('',*,*,#258,.T.);
#630=ORIENTED_EDGE('',*,*,#562,.T.);
#640=STYLED_ITEM('',(#43),#641);
#641=ADVANCED_FACE('',(#647),#642,.T.);
#642=PLANE('',#643);
#643=AXIS2_PLACEMENT_3D('',#644,#645,#646);
#644=CARTESIAN_POINT('',(1.689,0.0,0.61));
#645=DIRECTION('',(0.426,-0.905,0.0));
#646=DIRECTION('',(0.,0.,1.));
#647=FACE_OUTER_BOUND('',#648,.T.);
#648=EDGE_LOOP('',(#649,#659,#669,#679));
#650=EDGE_CURVE('',#359,#602,#655,.T.);
#655=LINE('',#360,#657);
#657=VECTOR('',#658,0.397165165228076);
#658=DIRECTION('',(-0.544,-0.256,-0.799));
#649=ORIENTED_EDGE('',*,*,#650,.F.);
#659=ORIENTED_EDGE('',*,*,#386,.T.);
#669=ORIENTED_EDGE('',*,*,#239,.T.);
#679=ORIENTED_EDGE('',*,*,#611,.T.);
#689=STYLED_ITEM('',(#43),#690);
#690=ADVANCED_FACE('',(#696),#691,.T.);
#691=PLANE('',#692);
#692=AXIS2_PLACEMENT_3D('',#693,#694,#695);
#693=CARTESIAN_POINT('',(1.689,0.0,0.61));
#694=DIRECTION('',(0.827,0.0,-0.562));
#695=DIRECTION('',(0.,0.,1.));
#696=FACE_OUTER_BOUND('',#697,.T.);
#697=EDGE_LOOP('',(#698,#708,#718,#728));
#699=EDGE_CURVE('',#406,#602,#704,.T.);
#704=LINE('',#407,#706);
#706=VECTOR('',#707,1.7145);
#707=DIRECTION('',(0.0,-1.0,0.0));
#698=ORIENTED_EDGE('',*,*,#699,.F.);
#708=ORIENTED_EDGE('',*,*,#405,.T.);
#718=ORIENTED_EDGE('',*,*,#356,.T.);
#728=ORIENTED_EDGE('',*,*,#650,.T.);
#738=STYLED_ITEM('',(#43),#739);
#739=ADVANCED_FACE('',(#745),#740,.T.);
#740=PLANE('',#741);
#741=AXIS2_PLACEMENT_3D('',#742,#743,#744);
#742=CARTESIAN_POINT('',(0.851,1.715,0.61));
#743=DIRECTION('',(0.0,0.0,-1.0));
#744=DIRECTION('',(0.,1.,0.));
#745=FACE_OUTER_BOUND('',#746,.T.);
#746=EDGE_LOOP('',(#747,#757,#767,#777));
#747=ORIENTED_EDGE('',*,*,#454,.T.);
#757=ORIENTED_EDGE('',*,*,#699,.T.);
#767=ORIENTED_EDGE('',*,*,#601,.T.);
#778=EDGE_CURVE('',#455,#553,#783,.T.);
#783=LINE('',#456,#785);
#785=VECTOR('',#786,1.7145);
#786=DIRECTION('',(0.0,-1.0,0.0));
#777=ORIENTED_EDGE('',*,*,#778,.F.);
#787=STYLED_ITEM('',(#43),#788);
#788=ADVANCED_FACE('',(#794),#789,.T.);
#789=PLANE('',#790);
#790=AXIS2_PLACEMENT_3D('',#791,#792,#793);
#791=CARTESIAN_POINT('',(0.851,1.715,0.61));
#792=DIRECTION('',(-0.827,0.0,-0.562));
#793=DIRECTION('',(0.,0.,1.));
#794=FACE_OUTER_BOUND('',#795,.T.);
#795=EDGE_LOOP('',(#796,#806,#816,#826));
#796=ORIENTED_EDGE('',*,*,#778,.T.);
#806=ORIENTED_EDGE('',*,*,#552,.T.);
#817=EDGE_CURVE('',#504,#555,#822,.T.);
#822=LINE('',#505,#824);
#824=VECTOR('',#825,1.5112873);
#825=DIRECTION('',(0.0,-1.0,0.0));
#816=ORIENTED_EDGE('',*,*,#817,.F.);
#826=ORIENTED_EDGE('',*,*,#503,.T.);
#836=STYLED_ITEM('',(#43),#837);
#837=ADVANCED_FACE('',(#843),#838,.T.);
#838=PLANE('',#839);
#839=AXIS2_PLACEMENT_3D('',#840,#841,#842);
#840=CARTESIAN_POINT('',(0.635,0.102,1.753));
#841=DIRECTION('',(0.507,0.0,0.862));
#842=DIRECTION('',(0.,0.,1.));
#843=FACE_OUTER_BOUND('',#844,.T.);
#844=EDGE_LOOP('',(#845,#855,#865,#875));
#845=ORIENTED_EDGE('',*,*,#337,.T.);
#858=CARTESIAN_POINT('',(0.419,1.715,1.88));
#857=VERTEX_POINT('',#858);
#856=EDGE_CURVE('',#857,#328,#861,.T.);
#861=LINE('',#858,#863);
#863=VECTOR('',#864,0.270301532497774);
#864=DIRECTION('',(0.799,-0.376,-0.47));
#855=ORIENTED_EDGE('',*,*,#856,.F.);
#868=CARTESIAN_POINT('',(0.419,0.0,1.88));
#867=VERTEX_POINT('',#868);
#866=EDGE_CURVE('',#867,#857,#871,.T.);
#871=LINE('',#868,#873);
#873=VECTOR('',#874,1.7145);
#874=DIRECTION('',(0.0,1.0,0.0));
#865=ORIENTED_EDGE('',*,*,#866,.F.);
#876=EDGE_CURVE('',#310,#867,#881,.T.);
#881=LINE('',#311,#883);
#883=VECTOR('',#884,0.270301532497774);
#884=DIRECTION('',(-0.799,-0.376,0.47));
#875=ORIENTED_EDGE('',*,*,#876,.F.);
#885=STYLED_ITEM('',(#43),#886);
#886=ADVANCED_FACE('',(#892),#887,.T.);
#887=PLANE('',#888);
#888=AXIS2_PLACEMENT_3D('',#889,#890,#891);
#889=CARTESIAN_POINT('',(-0.419,0.0,1.88));
#890=DIRECTION('',(0.0,0.0,1.0));
#891=DIRECTION('',(0.,1.,0.));
#892=FACE_OUTER_BOUND('',#893,.T.);
#893=EDGE_LOOP('',(#894,#904,#914,#924));
#899=CARTESIAN_POINT('',(-0.419,0.0,1.88));
#898=VERTEX_POINT('',#899);
#895=EDGE_CURVE('',#867,#898,#900,.T.);
#900=LINE('',#868,#902);
#902=VECTOR('',#903,0.8382127);
#903=DIRECTION('',(-1.0,0.0,0.0));
#894=ORIENTED_EDGE('',*,*,#895,.F.);
#904=ORIENTED_EDGE('',*,*,#866,.T.);
#917=CARTESIAN_POINT('',(-0.419,1.715,1.88));
#916=VERTEX_POINT('',#917);
#915=EDGE_CURVE('',#916,#857,#920,.T.);
#920=LINE('',#917,#922);
#922=VECTOR('',#923,0.8382127);
#923=DIRECTION('',(1.0,0.0,0.0));
#914=ORIENTED_EDGE('',*,*,#915,.F.);
#925=EDGE_CURVE('',#898,#916,#930,.T.);
#930=LINE('',#899,#932);
#932=VECTOR('',#933,1.7145);
#933=DIRECTION('',(0.0,1.0,0.0));
#924=ORIENTED_EDGE('',*,*,#925,.F.);
#934=STYLED_ITEM('',(#43),#935);
#935=ADVANCED_FACE('',(#941),#936,.T.);
#936=PLANE('',#937);
#937=AXIS2_PLACEMENT_3D('',#938,#939,#940);
#938=CARTESIAN_POINT('',(-0.635,0.102,1.753));
#939=DIRECTION('',(-0.507,0.0,0.862));
#940=DIRECTION('',(0.,0.,1.));
#941=FACE_OUTER_BOUND('',#942,.T.);
#942=EDGE_LOOP('',(#943,#953,#963,#973));
#948=CARTESIAN_POINT('',(-0.635,0.102,1.753));
#947=VERTEX_POINT('',#948);
#944=EDGE_CURVE('',#898,#947,#949,.T.);
#949=LINE('',#899,#951);
#951=VECTOR('',#952,0.270301532497774);
#952=DIRECTION('',(-0.799,0.376,-0.47));
#943=ORIENTED_EDGE('',*,*,#944,.F.);
#953=ORIENTED_EDGE('',*,*,#925,.T.);
#966=CARTESIAN_POINT('',(-0.635,1.613,1.753));
#965=VERTEX_POINT('',#966);
#964=EDGE_CURVE('',#965,#916,#969,.T.);
#969=LINE('',#966,#971);
#971=VECTOR('',#972,0.270301532497774);
#972=DIRECTION('',(0.799,0.376,0.47));
#963=ORIENTED_EDGE('',*,*,#964,.F.);
#974=EDGE_CURVE('',#947,#965,#979,.T.);
#979=LINE('',#948,#981);
#981=VECTOR('',#982,1.5112873);
#982=DIRECTION('',(0.0,1.0,0.0));
#973=ORIENTED_EDGE('',*,*,#974,.F.);
#983=STYLED_ITEM('',(#43),#984);
#984=ADVANCED_FACE('',(#990),#985,.T.);
#985=PLANE('',#986);
#986=AXIS2_PLACEMENT_3D('',#987,#988,#989);
#987=CARTESIAN_POINT('',(0.635,1.613,0.927));
#988=DIRECTION('',(0.426,0.905,0.0));
#989=DIRECTION('',(0.,0.,1.));
#990=FACE_OUTER_BOUND('',#991,.T.);
#991=EDGE_LOOP('',(#992,#1002,#1012,#1022));
#995=CARTESIAN_POINT('',(0.419,1.715,0.61));
#994=VERTEX_POINT('',#995);
#993=EDGE_CURVE('',#994,#504,#998,.T.);
#998=LINE('',#995,#1000);
#1000=VECTOR('',#1001,0.397165165228076);
#1001=DIRECTION('',(0.544,-0.256,0.799));
#992=ORIENTED_EDGE('',*,*,#993,.F.);
#1003=EDGE_CURVE('',#857,#994,#1008,.T.);
#1008=LINE('',#858,#1010);
#1010=VECTOR('',#1011,1.27);
#1011=DIRECTION('',(0.0,0.0,-1.0));
#1002=ORIENTED_EDGE('',*,*,#1003,.F.);
#1012=ORIENTED_EDGE('',*,*,#856,.T.);
#1022=ORIENTED_EDGE('',*,*,#513,.T.);
#1032=STYLED_ITEM('',(#43),#1033);
#1033=ADVANCED_FACE('',(#1039),#1034,.T.);
#1034=PLANE('',#1035);
#1035=AXIS2_PLACEMENT_3D('',#1036,#1037,#1038);
#1036=CARTESIAN_POINT('',(0.419,1.715,0.61));
#1037=DIRECTION('',(0.0,1.0,0.0));
#1038=DIRECTION('',(0.,0.,1.));
#1039=FACE_OUTER_BOUND('',#1040,.T.);
#1040=EDGE_LOOP('',(#1041,#1051,#1061,#1071));
#1044=CARTESIAN_POINT('',(-0.419,1.715,0.61));
#1043=VERTEX_POINT('',#1044);
#1042=EDGE_CURVE('',#1043,#994,#1047,.T.);
#1047=LINE('',#1044,#1049);
#1049=VECTOR('',#1050,0.8382127);
#1050=DIRECTION('',(1.0,0.0,0.0));
#1041=ORIENTED_EDGE('',*,*,#1042,.F.);
#1052=EDGE_CURVE('',#916,#1043,#1057,.T.);
#1057=LINE('',#917,#1059);
#1059=VECTOR('',#1060,1.27);
#1060=DIRECTION('',(0.0,0.0,-1.0));
#1051=ORIENTED_EDGE('',*,*,#1052,.F.);
#1061=ORIENTED_EDGE('',*,*,#915,.T.);
#1071=ORIENTED_EDGE('',*,*,#1003,.T.);
#1081=STYLED_ITEM('',(#43),#1082);
#1082=ADVANCED_FACE('',(#1088),#1083,.T.);
#1083=PLANE('',#1084);
#1084=AXIS2_PLACEMENT_3D('',#1085,#1086,#1087);
#1085=CARTESIAN_POINT('',(-0.419,1.715,0.61));
#1086=DIRECTION('',(-0.426,0.905,0.0));
#1087=DIRECTION('',(0.,0.,1.));
#1088=FACE_OUTER_BOUND('',#1089,.T.);
#1089=EDGE_LOOP('',(#1090,#1100,#1110,#1120));
#1093=CARTESIAN_POINT('',(-0.635,1.613,0.927));
#1092=VERTEX_POINT('',#1093);
#1091=EDGE_CURVE('',#1092,#1043,#1096,.T.);
#1096=LINE('',#1093,#1098);
#1098=VECTOR('',#1099,0.397165165228076);
#1099=DIRECTION('',(0.544,0.256,-0.799));
#1090=ORIENTED_EDGE('',*,*,#1091,.F.);
#1101=EDGE_CURVE('',#965,#1092,#1106,.T.);
#1106=LINE('',#966,#1108);
#1108=VECTOR('',#1109,0.8255);
#1109=DIRECTION('',(0.0,0.0,-1.0));
#1100=ORIENTED_EDGE('',*,*,#1101,.F.);
#1110=ORIENTED_EDGE('',*,*,#964,.T.);
#1120=ORIENTED_EDGE('',*,*,#1052,.T.);
#1130=STYLED_ITEM('',(#43),#1131);
#1131=ADVANCED_FACE('',(#1137),#1132,.T.);
#1132=PLANE('',#1133);
#1133=AXIS2_PLACEMENT_3D('',#1134,#1135,#1136);
#1134=CARTESIAN_POINT('',(-0.635,0.102,0.927));
#1135=DIRECTION('',(-0.426,-0.905,0.0));
#1136=DIRECTION('',(0.,0.,1.));
#1137=FACE_OUTER_BOUND('',#1138,.T.);
#1138=EDGE_LOOP('',(#1139,#1149,#1159,#1169));
#1142=CARTESIAN_POINT('',(-0.419,0.0,0.61));
#1141=VERTEX_POINT('',#1142);
#1144=CARTESIAN_POINT('',(-0.635,0.102,0.927));
#1143=VERTEX_POINT('',#1144);
#1140=EDGE_CURVE('',#1141,#1143,#1145,.T.);
#1145=LINE('',#1142,#1147);
#1147=VECTOR('',#1148,0.397165165228076);
#1148=DIRECTION('',(-0.544,0.256,0.799));
#1139=ORIENTED_EDGE('',*,*,#1140,.F.);
#1150=EDGE_CURVE('',#898,#1141,#1155,.T.);
#1155=LINE('',#899,#1157);
#1157=VECTOR('',#1158,1.27);
#1158=DIRECTION('',(0.0,0.0,-1.0));
#1149=ORIENTED_EDGE('',*,*,#1150,.F.);
#1159=ORIENTED_EDGE('',*,*,#944,.T.);
#1170=EDGE_CURVE('',#1143,#947,#1175,.T.);
#1175=LINE('',#1144,#1177);
#1177=VECTOR('',#1178,0.8255);
#1178=DIRECTION('',(0.0,0.0,1.0));
#1169=ORIENTED_EDGE('',*,*,#1170,.F.);
#1179=STYLED_ITEM('',(#43),#1180);
#1180=ADVANCED_FACE('',(#1186),#1181,.T.);
#1181=PLANE('',#1182);
#1182=AXIS2_PLACEMENT_3D('',#1183,#1184,#1185);
#1183=CARTESIAN_POINT('',(-0.419,0.0,0.61));
#1184=DIRECTION('',(0.0,-1.0,0.0));
#1185=DIRECTION('',(0.,0.,1.));
#1186=FACE_OUTER_BOUND('',#1187,.T.);
#1187=EDGE_LOOP('',(#1188,#1198,#1208,#1218));
#1191=CARTESIAN_POINT('',(0.419,0.0,0.61));
#1190=VERTEX_POINT('',#1191);
#1189=EDGE_CURVE('',#1190,#1141,#1194,.T.);
#1194=LINE('',#1191,#1196);
#1196=VECTOR('',#1197,0.8382127);
#1197=DIRECTION('',(-1.0,0.0,0.0));
#1188=ORIENTED_EDGE('',*,*,#1189,.F.);
#1199=EDGE_CURVE('',#867,#1190,#1204,.T.);
#1204=LINE('',#868,#1206);
#1206=VECTOR('',#1207,1.27);
#1207=DIRECTION('',(0.0,0.0,-1.0));
#1198=ORIENTED_EDGE('',*,*,#1199,.F.);
#1208=ORIENTED_EDGE('',*,*,#895,.T.);
#1218=ORIENTED_EDGE('',*,*,#1150,.T.);
#1228=STYLED_ITEM('',(#43),#1229);
#1229=ADVANCED_FACE('',(#1235),#1230,.T.);
#1230=PLANE('',#1231);
#1231=AXIS2_PLACEMENT_3D('',#1232,#1233,#1234);
#1232=CARTESIAN_POINT('',(0.419,0.0,0.61));
#1233=DIRECTION('',(0.426,-0.905,0.0));
#1234=DIRECTION('',(0.,0.,1.));
#1235=FACE_OUTER_BOUND('',#1236,.T.);
#1236=EDGE_LOOP('',(#1237,#1247,#1257,#1267));
#1238=EDGE_CURVE('',#555,#1190,#1243,.T.);
#1243=LINE('',#556,#1245);
#1245=VECTOR('',#1246,0.397165165228076);
#1246=DIRECTION('',(-0.544,-0.256,-0.799));
#1237=ORIENTED_EDGE('',*,*,#1238,.F.);
#1247=ORIENTED_EDGE('',*,*,#582,.T.);
#1257=ORIENTED_EDGE('',*,*,#876,.T.);
#1267=ORIENTED_EDGE('',*,*,#1199,.T.);
#1277=STYLED_ITEM('',(#43),#1278);
#1278=ADVANCED_FACE('',(#1284),#1279,.T.);
#1279=PLANE('',#1280);
#1280=AXIS2_PLACEMENT_3D('',#1281,#1282,#1283);
#1281=CARTESIAN_POINT('',(0.419,0.0,0.61));
#1282=DIRECTION('',(0.827,0.0,-0.562));
#1283=DIRECTION('',(0.,0.,1.));
#1284=FACE_OUTER_BOUND('',#1285,.T.);
#1285=EDGE_LOOP('',(#1286,#1296,#1306,#1316));
#1287=EDGE_CURVE('',#994,#1190,#1292,.T.);
#1292=LINE('',#995,#1294);
#1294=VECTOR('',#1295,1.7145);
#1295=DIRECTION('',(0.0,-1.0,0.0));
#1286=ORIENTED_EDGE('',*,*,#1287,.F.);
#1296=ORIENTED_EDGE('',*,*,#993,.T.);
#1306=ORIENTED_EDGE('',*,*,#817,.T.);
#1316=ORIENTED_EDGE('',*,*,#1238,.T.);
#1326=STYLED_ITEM('',(#43),#1327);
#1327=ADVANCED_FACE('',(#1333),#1328,.T.);
#1328=PLANE('',#1329);
#1329=AXIS2_PLACEMENT_3D('',#1330,#1331,#1332);
#1330=CARTESIAN_POINT('',(-0.419,0.0,0.61));
#1331=DIRECTION('',(0.0,0.0,-1.0));
#1332=DIRECTION('',(0.,1.,0.));
#1333=FACE_OUTER_BOUND('',#1334,.T.);
#1334=EDGE_LOOP('',(#1335,#1345,#1355,#1365));
#1336=EDGE_CURVE('',#1043,#1141,#1341,.T.);
#1341=LINE('',#1044,#1343);
#1343=VECTOR('',#1344,1.7145);
#1344=DIRECTION('',(0.0,-1.0,0.0));
#1335=ORIENTED_EDGE('',*,*,#1336,.F.);
#1345=ORIENTED_EDGE('',*,*,#1042,.T.);
#1355=ORIENTED_EDGE('',*,*,#1287,.T.);
#1365=ORIENTED_EDGE('',*,*,#1189,.T.);
#1375=STYLED_ITEM('',(#43),#1376);
#1376=ADVANCED_FACE('',(#1382),#1377,.T.);
#1377=PLANE('',#1378);
#1378=AXIS2_PLACEMENT_3D('',#1379,#1380,#1381);
#1379=CARTESIAN_POINT('',(-0.635,0.102,0.927));
#1380=DIRECTION('',(-0.827,0.0,-0.562));
#1381=DIRECTION('',(0.,0.,1.));
#1382=FACE_OUTER_BOUND('',#1383,.T.);
#1383=EDGE_LOOP('',(#1384,#1394,#1404,#1414));
#1385=EDGE_CURVE('',#1092,#1143,#1390,.T.);
#1390=LINE('',#1093,#1392);
#1392=VECTOR('',#1393,1.5112873);
#1393=DIRECTION('',(0.0,-1.0,0.0));
#1384=ORIENTED_EDGE('',*,*,#1385,.F.);
#1394=ORIENTED_EDGE('',*,*,#1091,.T.);
#1404=ORIENTED_EDGE('',*,*,#1336,.T.);
#1414=ORIENTED_EDGE('',*,*,#1140,.T.);
#1424=STYLED_ITEM('',(#43),#1425);
#1425=ADVANCED_FACE('',(#1431),#1426,.T.);
#1426=PLANE('',#1427);
#1427=AXIS2_PLACEMENT_3D('',#1428,#1429,#1430);
#1428=CARTESIAN_POINT('',(-0.635,0.102,1.753));
#1429=DIRECTION('',(0.507,0.0,0.862));
#1430=DIRECTION('',(0.,0.,1.));
#1431=FACE_OUTER_BOUND('',#1432,.T.);
#1432=EDGE_LOOP('',(#1433,#1443,#1453,#1463));
#1433=ORIENTED_EDGE('',*,*,#974,.T.);
#1446=CARTESIAN_POINT('',(-0.851,1.715,1.88));
#1445=VERTEX_POINT('',#1446);
#1444=EDGE_CURVE('',#1445,#965,#1449,.T.);
#1449=LINE('',#1446,#1451);
#1451=VECTOR('',#1452,0.270301532497774);
#1452=DIRECTION('',(0.799,-0.376,-0.47));
#1443=ORIENTED_EDGE('',*,*,#1444,.F.);
#1456=CARTESIAN_POINT('',(-0.851,0.0,1.88));
#1455=VERTEX_POINT('',#1456);
#1454=EDGE_CURVE('',#1455,#1445,#1459,.T.);
#1459=LINE('',#1456,#1461);
#1461=VECTOR('',#1462,1.7145);
#1462=DIRECTION('',(0.0,1.0,0.0));
#1453=ORIENTED_EDGE('',*,*,#1454,.F.);
#1464=EDGE_CURVE('',#947,#1455,#1469,.T.);
#1469=LINE('',#948,#1471);
#1471=VECTOR('',#1472,0.270301532497774);
#1472=DIRECTION('',(-0.799,-0.376,0.47));
#1463=ORIENTED_EDGE('',*,*,#1464,.F.);
#1473=STYLED_ITEM('',(#43),#1474);
#1474=ADVANCED_FACE('',(#1480),#1475,.T.);
#1475=PLANE('',#1476);
#1476=AXIS2_PLACEMENT_3D('',#1477,#1478,#1479);
#1477=CARTESIAN_POINT('',(-1.689,0.0,1.88));
#1478=DIRECTION('',(0.0,0.0,1.0));
#1479=DIRECTION('',(0.,1.,0.));
#1480=FACE_OUTER_BOUND('',#1481,.T.);
#1481=EDGE_LOOP('',(#1482,#1492,#1502,#1512));
#1487=CARTESIAN_POINT('',(-1.689,0.0,1.88));
#1486=VERTEX_POINT('',#1487);
#1483=EDGE_CURVE('',#1455,#1486,#1488,.T.);
#1488=LINE('',#1456,#1490);
#1490=VECTOR('',#1491,0.8382127);
#1491=DIRECTION('',(-1.0,0.0,0.0));
#1482=ORIENTED_EDGE('',*,*,#1483,.F.);
#1492=ORIENTED_EDGE('',*,*,#1454,.T.);
#1505=CARTESIAN_POINT('',(-1.689,1.715,1.88));
#1504=VERTEX_POINT('',#1505);
#1503=EDGE_CURVE('',#1504,#1445,#1508,.T.);
#1508=LINE('',#1505,#1510);
#1510=VECTOR('',#1511,0.8382127);
#1511=DIRECTION('',(1.0,0.0,0.0));
#1502=ORIENTED_EDGE('',*,*,#1503,.F.);
#1513=EDGE_CURVE('',#1486,#1504,#1518,.T.);
#1518=LINE('',#1487,#1520);
#1520=VECTOR('',#1521,1.7145);
#1521=DIRECTION('',(0.0,1.0,0.0));
#1512=ORIENTED_EDGE('',*,*,#1513,.F.);
#1522=STYLED_ITEM('',(#43),#1523);
#1523=ADVANCED_FACE('',(#1529),#1524,.T.);
#1524=PLANE('',#1525);
#1525=AXIS2_PLACEMENT_3D('',#1526,#1527,#1528);
#1526=CARTESIAN_POINT('',(-1.905,0.102,1.753));
#1527=DIRECTION('',(-0.507,0.0,0.862));
#1528=DIRECTION('',(0.,0.,1.));
#1529=FACE_OUTER_BOUND('',#1530,.T.);
#1530=EDGE_LOOP('',(#1531,#1541,#1551,#1561));
#1536=CARTESIAN_POINT('',(-1.905,0.102,1.753));
#1535=VERTEX_POINT('',#1536);
#1532=EDGE_CURVE('',#1486,#1535,#1537,.T.);
#1537=LINE('',#1487,#1539);
#1539=VECTOR('',#1540,0.270301532497774);
#1540=DIRECTION('',(-0.799,0.376,-0.47));
#1531=ORIENTED_EDGE('',*,*,#1532,.F.);
#1541=ORIENTED_EDGE('',*,*,#1513,.T.);
#1554=CARTESIAN_POINT('',(-1.905,1.613,1.753));
#1553=VERTEX_POINT('',#1554);
#1552=EDGE_CURVE('',#1553,#1504,#1557,.T.);
#1557=LINE('',#1554,#1559);
#1559=VECTOR('',#1560,0.270301532497774);
#1560=DIRECTION('',(0.799,0.376,0.47));
#1551=ORIENTED_EDGE('',*,*,#1552,.F.);
#1562=EDGE_CURVE('',#1535,#1553,#1567,.T.);
#1567=LINE('',#1536,#1569);
#1569=VECTOR('',#1570,1.5112873);
#1570=DIRECTION('',(0.0,1.0,0.0));
#1561=ORIENTED_EDGE('',*,*,#1562,.F.);
#1571=STYLED_ITEM('',(#43),#1572);
#1572=ADVANCED_FACE('',(#1578),#1573,.T.);
#1573=PLANE('',#1574);
#1574=AXIS2_PLACEMENT_3D('',#1575,#1576,#1577);
#1575=CARTESIAN_POINT('',(-0.635,1.613,0.927));
#1576=DIRECTION('',(0.426,0.905,0.0));
#1577=DIRECTION('',(0.,0.,1.));
#1578=FACE_OUTER_BOUND('',#1579,.T.);
#1579=EDGE_LOOP('',(#1580,#1590,#1600,#1610));
#1583=CARTESIAN_POINT('',(-0.851,1.715,0.61));
#1582=VERTEX_POINT('',#1583);
#1581=EDGE_CURVE('',#1582,#1092,#1586,.T.);
#1586=LINE('',#1583,#1588);
#1588=VECTOR('',#1589,0.397165165228076);
#1589=DIRECTION('',(0.544,-0.256,0.799));
#1580=ORIENTED_EDGE('',*,*,#1581,.F.);
#1591=EDGE_CURVE('',#1445,#1582,#1596,.T.);
#1596=LINE('',#1446,#1598);
#1598=VECTOR('',#1599,1.27);
#1599=DIRECTION('',(0.0,0.0,-1.0));
#1590=ORIENTED_EDGE('',*,*,#1591,.F.);
#1600=ORIENTED_EDGE('',*,*,#1444,.T.);
#1610=ORIENTED_EDGE('',*,*,#1101,.T.);
#1620=STYLED_ITEM('',(#43),#1621);
#1621=ADVANCED_FACE('',(#1627),#1622,.T.);
#1622=PLANE('',#1623);
#1623=AXIS2_PLACEMENT_3D('',#1624,#1625,#1626);
#1624=CARTESIAN_POINT('',(-0.851,1.715,0.61));
#1625=DIRECTION('',(0.0,1.0,0.0));
#1626=DIRECTION('',(0.,0.,1.));
#1627=FACE_OUTER_BOUND('',#1628,.T.);
#1628=EDGE_LOOP('',(#1629,#1639,#1649,#1659));
#1632=CARTESIAN_POINT('',(-1.689,1.715,0.61));
#1631=VERTEX_POINT('',#1632);
#1630=EDGE_CURVE('',#1631,#1582,#1635,.T.);
#1635=LINE('',#1632,#1637);
#1637=VECTOR('',#1638,0.8382127);
#1638=DIRECTION('',(1.0,0.0,0.0));
#1629=ORIENTED_EDGE('',*,*,#1630,.F.);
#1640=EDGE_CURVE('',#1504,#1631,#1645,.T.);
#1645=LINE('',#1505,#1647);
#1647=VECTOR('',#1648,1.27);
#1648=DIRECTION('',(0.0,0.0,-1.0));
#1639=ORIENTED_EDGE('',*,*,#1640,.F.);
#1649=ORIENTED_EDGE('',*,*,#1503,.T.);
#1659=ORIENTED_EDGE('',*,*,#1591,.T.);
#1669=STYLED_ITEM('',(#43),#1670);
#1670=ADVANCED_FACE('',(#1676),#1671,.T.);
#1671=PLANE('',#1672);
#1672=AXIS2_PLACEMENT_3D('',#1673,#1674,#1675);
#1673=CARTESIAN_POINT('',(-1.689,1.715,0.61));
#1674=DIRECTION('',(-0.426,0.905,0.0));
#1675=DIRECTION('',(0.,0.,1.));
#1676=FACE_OUTER_BOUND('',#1677,.T.);
#1677=EDGE_LOOP('',(#1678,#1688,#1698,#1708));
#1681=CARTESIAN_POINT('',(-1.905,1.613,0.927));
#1680=VERTEX_POINT('',#1681);
#1679=EDGE_CURVE('',#1680,#1631,#1684,.T.);
#1684=LINE('',#1681,#1686);
#1686=VECTOR('',#1687,0.397165165228076);
#1687=DIRECTION('',(0.544,0.256,-0.799));
#1678=ORIENTED_EDGE('',*,*,#1679,.F.);
#1689=EDGE_CURVE('',#1553,#1680,#1694,.T.);
#1694=LINE('',#1554,#1696);
#1696=VECTOR('',#1697,0.8255);
#1697=DIRECTION('',(0.0,0.0,-1.0));
#1688=ORIENTED_EDGE('',*,*,#1689,.F.);
#1698=ORIENTED_EDGE('',*,*,#1552,.T.);
#1708=ORIENTED_EDGE('',*,*,#1640,.T.);
#1718=STYLED_ITEM('',(#43),#1719);
#1719=ADVANCED_FACE('',(#1725),#1720,.T.);
#1720=PLANE('',#1721);
#1721=AXIS2_PLACEMENT_3D('',#1722,#1723,#1724);
#1722=CARTESIAN_POINT('',(-1.905,0.102,0.927));
#1723=DIRECTION('',(-0.426,-0.905,0.0));
#1724=DIRECTION('',(0.,0.,1.));
#1725=FACE_OUTER_BOUND('',#1726,.T.);
#1726=EDGE_LOOP('',(#1727,#1737,#1747,#1757));
#1730=CARTESIAN_POINT('',(-1.689,0.0,0.61));
#1729=VERTEX_POINT('',#1730);
#1732=CARTESIAN_POINT('',(-1.905,0.102,0.927));
#1731=VERTEX_POINT('',#1732);
#1728=EDGE_CURVE('',#1729,#1731,#1733,.T.);
#1733=LINE('',#1730,#1735);
#1735=VECTOR('',#1736,0.397165165228076);
#1736=DIRECTION('',(-0.544,0.256,0.799));
#1727=ORIENTED_EDGE('',*,*,#1728,.F.);
#1738=EDGE_CURVE('',#1486,#1729,#1743,.T.);
#1743=LINE('',#1487,#1745);
#1745=VECTOR('',#1746,1.27);
#1746=DIRECTION('',(0.0,0.0,-1.0));
#1737=ORIENTED_EDGE('',*,*,#1738,.F.);
#1747=ORIENTED_EDGE('',*,*,#1532,.T.);
#1758=EDGE_CURVE('',#1731,#1535,#1763,.T.);
#1763=LINE('',#1732,#1765);
#1765=VECTOR('',#1766,0.8255);
#1766=DIRECTION('',(0.0,0.0,1.0));
#1757=ORIENTED_EDGE('',*,*,#1758,.F.);
#1767=STYLED_ITEM('',(#43),#1768);
#1768=ADVANCED_FACE('',(#1774),#1769,.T.);
#1769=PLANE('',#1770);
#1770=AXIS2_PLACEMENT_3D('',#1771,#1772,#1773);
#1771=CARTESIAN_POINT('',(-1.689,0.0,0.61));
#1772=DIRECTION('',(0.0,-1.0,0.0));
#1773=DIRECTION('',(0.,0.,1.));
#1774=FACE_OUTER_BOUND('',#1775,.T.);
#1775=EDGE_LOOP('',(#1776,#1786,#1796,#1806));
#1779=CARTESIAN_POINT('',(-0.851,0.0,0.61));
#1778=VERTEX_POINT('',#1779);
#1777=EDGE_CURVE('',#1778,#1729,#1782,.T.);
#1782=LINE('',#1779,#1784);
#1784=VECTOR('',#1785,0.8382127);
#1785=DIRECTION('',(-1.0,0.0,0.0));
#1776=ORIENTED_EDGE('',*,*,#1777,.F.);
#1787=EDGE_CURVE('',#1455,#1778,#1792,.T.);
#1792=LINE('',#1456,#1794);
#1794=VECTOR('',#1795,1.27);
#1795=DIRECTION('',(0.0,0.0,-1.0));
#1786=ORIENTED_EDGE('',*,*,#1787,.F.);
#1796=ORIENTED_EDGE('',*,*,#1483,.T.);
#1806=ORIENTED_EDGE('',*,*,#1738,.T.);
#1816=STYLED_ITEM('',(#43),#1817);
#1817=ADVANCED_FACE('',(#1823),#1818,.T.);
#1818=PLANE('',#1819);
#1819=AXIS2_PLACEMENT_3D('',#1820,#1821,#1822);
#1820=CARTESIAN_POINT('',(-0.851,0.0,0.61));
#1821=DIRECTION('',(0.426,-0.905,0.0));
#1822=DIRECTION('',(0.,0.,1.));
#1823=FACE_OUTER_BOUND('',#1824,.T.);
#1824=EDGE_LOOP('',(#1825,#1835,#1845,#1855));
#1826=EDGE_CURVE('',#1143,#1778,#1831,.T.);
#1831=LINE('',#1144,#1833);
#1833=VECTOR('',#1834,0.397165165228076);
#1834=DIRECTION('',(-0.544,-0.256,-0.799));
#1825=ORIENTED_EDGE('',*,*,#1826,.F.);
#1835=ORIENTED_EDGE('',*,*,#1170,.T.);
#1845=ORIENTED_EDGE('',*,*,#1464,.T.);
#1855=ORIENTED_EDGE('',*,*,#1787,.T.);
#1865=STYLED_ITEM('',(#43),#1866);
#1866=ADVANCED_FACE('',(#1872),#1867,.T.);
#1867=PLANE('',#1868);
#1868=AXIS2_PLACEMENT_3D('',#1869,#1870,#1871);
#1869=CARTESIAN_POINT('',(-0.851,0.0,0.61));
#1870=DIRECTION('',(0.827,0.0,-0.562));
#1871=DIRECTION('',(0.,0.,1.));
#1872=FACE_OUTER_BOUND('',#1873,.T.);
#1873=EDGE_LOOP('',(#1874,#1884,#1894,#1904));
#1875=EDGE_CURVE('',#1582,#1778,#1880,.T.);
#1880=LINE('',#1583,#1882);
#1882=VECTOR('',#1883,1.7145);
#1883=DIRECTION('',(0.0,-1.0,0.0));
#1874=ORIENTED_EDGE('',*,*,#1875,.F.);
#1884=ORIENTED_EDGE('',*,*,#1581,.T.);
#1894=ORIENTED_EDGE('',*,*,#1385,.T.);
#1904=ORIENTED_EDGE('',*,*,#1826,.T.);
#1914=STYLED_ITEM('',(#43),#1915);
#1915=ADVANCED_FACE('',(#1921),#1916,.T.);
#1916=PLANE('',#1917);
#1917=AXIS2_PLACEMENT_3D('',#1918,#1919,#1920);
#1918=CARTESIAN_POINT('',(-1.689,1.715,0.61));
#1919=DIRECTION('',(0.0,0.0,-1.0));
#1920=DIRECTION('',(0.,1.,0.));
#1921=FACE_OUTER_BOUND('',#1922,.T.);
#1922=EDGE_LOOP('',(#1923,#1933,#1943,#1953));
#1923=ORIENTED_EDGE('',*,*,#1630,.T.);
#1933=ORIENTED_EDGE('',*,*,#1875,.T.);
#1943=ORIENTED_EDGE('',*,*,#1777,.T.);
#1954=EDGE_CURVE('',#1631,#1729,#1959,.T.);
#1959=LINE('',#1632,#1961);
#1961=VECTOR('',#1962,1.7145);
#1962=DIRECTION('',(0.0,-1.0,0.0));
#1953=ORIENTED_EDGE('',*,*,#1954,.F.);
#1963=STYLED_ITEM('',(#43),#1964);
#1964=ADVANCED_FACE('',(#1970),#1965,.T.);
#1965=PLANE('',#1966);
#1966=AXIS2_PLACEMENT_3D('',#1967,#1968,#1969);
#1967=CARTESIAN_POINT('',(-1.689,1.715,0.61));
#1968=DIRECTION('',(-0.827,0.0,-0.562));
#1969=DIRECTION('',(0.,0.,1.));
#1970=FACE_OUTER_BOUND('',#1971,.T.);
#1971=EDGE_LOOP('',(#1972,#1982,#1992,#2002));
#1972=ORIENTED_EDGE('',*,*,#1954,.T.);
#1982=ORIENTED_EDGE('',*,*,#1728,.T.);
#1993=EDGE_CURVE('',#1680,#1731,#1998,.T.);
#1998=LINE('',#1681,#2000);
#2000=VECTOR('',#2001,1.5112873);
#2001=DIRECTION('',(0.0,-1.0,0.0));
#1992=ORIENTED_EDGE('',*,*,#1993,.F.);
#2002=ORIENTED_EDGE('',*,*,#1679,.T.);
#2012=STYLED_ITEM('',(#43),#2013);
#2013=ADVANCED_FACE('',(#2019),#2014,.T.);
#2014=PLANE('',#2015);
#2015=AXIS2_PLACEMENT_3D('',#2016,#2017,#2018);
#2016=CARTESIAN_POINT('',(-1.905,1.613,0.927));
#2017=DIRECTION('',(-1.0,0.0,0.0));
#2018=DIRECTION('',(0.,0.,1.));
#2019=FACE_OUTER_BOUND('',#2020,.T.);
#2020=EDGE_LOOP('',(#2021,#2031,#2041,#2051));
#2021=ORIENTED_EDGE('',*,*,#1993,.T.);
#2031=ORIENTED_EDGE('',*,*,#1758,.T.);
#2041=ORIENTED_EDGE('',*,*,#1562,.T.);
#2051=ORIENTED_EDGE('',*,*,#1689,.T.);
#2061=MANIFOLD_SOLID_BREP($,#2062);
#2062=CLOSED_SHELL('',(#2064,#2113,#2162,#2211,#2260,#2309,#2358,#2407,#2456,#2505,#2554,#2603,#2652,#2701,#2750,#2799,#2848,#2897,#2946,#2995,#3044,#3093,#3142,#3191,#3240,#3289,#3338,#3387,#3436,#3485,#3534,#3583,#3632,#3681,#3730,#3779,#3828,#3877));
#2063=STYLED_ITEM('',(#43),#2064);
#2064=ADVANCED_FACE('',(#2070),#2065,.T.);
#2065=PLANE('',#2066);
#2066=AXIS2_PLACEMENT_3D('',#2067,#2068,#2069);
#2067=CARTESIAN_POINT('',(1.905,-1.613,1.753));
#2068=DIRECTION('',(0.507,0.0,0.862));
#2069=DIRECTION('',(0.,0.,1.));
#2070=FACE_OUTER_BOUND('',#2071,.T.);
#2071=EDGE_LOOP('',(#2072,#2082,#2092,#2102));
#2075=CARTESIAN_POINT('',(1.905,-0.102,1.753));
#2074=VERTEX_POINT('',#2075);
#2077=CARTESIAN_POINT('',(1.905,-1.613,1.753));
#2076=VERTEX_POINT('',#2077);
#2073=EDGE_CURVE('',#2074,#2076,#2078,.T.);
#2078=LINE('',#2075,#2080);
#2080=VECTOR('',#2081,1.5112873);
#2081=DIRECTION('',(0.0,-1.0,0.0));
#2072=ORIENTED_EDGE('',*,*,#2073,.F.);
#2085=CARTESIAN_POINT('',(1.689,0.0,1.88));
#2084=VERTEX_POINT('',#2085);
#2083=EDGE_CURVE('',#2084,#2074,#2088,.T.);
#2088=LINE('',#2085,#2090);
#2090=VECTOR('',#2091,0.270301532497774);
#2091=DIRECTION('',(0.799,-0.376,-0.47));
#2082=ORIENTED_EDGE('',*,*,#2083,.F.);
#2095=CARTESIAN_POINT('',(1.689,-1.715,1.88));
#2094=VERTEX_POINT('',#2095);
#2093=EDGE_CURVE('',#2094,#2084,#2098,.T.);
#2098=LINE('',#2095,#2100);
#2100=VECTOR('',#2101,1.7145);
#2101=DIRECTION('',(0.0,1.0,0.0));
#2092=ORIENTED_EDGE('',*,*,#2093,.F.);
#2103=EDGE_CURVE('',#2076,#2094,#2108,.T.);
#2108=LINE('',#2077,#2110);
#2110=VECTOR('',#2111,0.270301532497774);
#2111=DIRECTION('',(-0.799,-0.376,0.47));
#2102=ORIENTED_EDGE('',*,*,#2103,.F.);
#2112=STYLED_ITEM('',(#43),#2113);
#2113=ADVANCED_FACE('',(#2119),#2114,.T.);
#2114=PLANE('',#2115);
#2115=AXIS2_PLACEMENT_3D('',#2116,#2117,#2118);
#2116=CARTESIAN_POINT('',(0.851,-1.715,1.88));
#2117=DIRECTION('',(0.0,0.0,1.0));
#2118=DIRECTION('',(0.,1.,0.));
#2119=FACE_OUTER_BOUND('',#2120,.T.);
#2120=EDGE_LOOP('',(#2121,#2131,#2141,#2151));
#2126=CARTESIAN_POINT('',(0.851,-1.715,1.88));
#2125=VERTEX_POINT('',#2126);
#2122=EDGE_CURVE('',#2094,#2125,#2127,.T.);
#2127=LINE('',#2095,#2129);
#2129=VECTOR('',#2130,0.8382127);
#2130=DIRECTION('',(-1.0,0.0,0.0));
#2121=ORIENTED_EDGE('',*,*,#2122,.F.);
#2131=ORIENTED_EDGE('',*,*,#2093,.T.);
#2144=CARTESIAN_POINT('',(0.851,0.0,1.88));
#2143=VERTEX_POINT('',#2144);
#2142=EDGE_CURVE('',#2143,#2084,#2147,.T.);
#2147=LINE('',#2144,#2149);
#2149=VECTOR('',#2150,0.8382127);
#2150=DIRECTION('',(1.0,0.0,0.0));
#2141=ORIENTED_EDGE('',*,*,#2142,.F.);
#2152=EDGE_CURVE('',#2125,#2143,#2157,.T.);
#2157=LINE('',#2126,#2159);
#2159=VECTOR('',#2160,1.7145);
#2160=DIRECTION('',(0.0,1.0,0.0));
#2151=ORIENTED_EDGE('',*,*,#2152,.F.);
#2161=STYLED_ITEM('',(#43),#2162);
#2162=ADVANCED_FACE('',(#2168),#2163,.T.);
#2163=PLANE('',#2164);
#2164=AXIS2_PLACEMENT_3D('',#2165,#2166,#2167);
#2165=CARTESIAN_POINT('',(0.635,-1.613,1.753));
#2166=DIRECTION('',(-0.507,0.0,0.862));
#2167=DIRECTION('',(0.,0.,1.));
#2168=FACE_OUTER_BOUND('',#2169,.T.);
#2169=EDGE_LOOP('',(#2170,#2180,#2190,#2200));
#2175=CARTESIAN_POINT('',(0.635,-1.613,1.753));
#2174=VERTEX_POINT('',#2175);
#2171=EDGE_CURVE('',#2125,#2174,#2176,.T.);
#2176=LINE('',#2126,#2178);
#2178=VECTOR('',#2179,0.270301532497774);
#2179=DIRECTION('',(-0.799,0.376,-0.47));
#2170=ORIENTED_EDGE('',*,*,#2171,.F.);
#2180=ORIENTED_EDGE('',*,*,#2152,.T.);
#2193=CARTESIAN_POINT('',(0.635,-0.102,1.753));
#2192=VERTEX_POINT('',#2193);
#2191=EDGE_CURVE('',#2192,#2143,#2196,.T.);
#2196=LINE('',#2193,#2198);
#2198=VECTOR('',#2199,0.270301532497774);
#2199=DIRECTION('',(0.799,0.376,0.47));
#2190=ORIENTED_EDGE('',*,*,#2191,.F.);
#2201=EDGE_CURVE('',#2174,#2192,#2206,.T.);
#2206=LINE('',#2175,#2208);
#2208=VECTOR('',#2209,1.5112873);
#2209=DIRECTION('',(0.0,1.0,0.0));
#2200=ORIENTED_EDGE('',*,*,#2201,.F.);
#2210=STYLED_ITEM('',(#43),#2211);
#2211=ADVANCED_FACE('',(#2217),#2212,.T.);
#2212=PLANE('',#2213);
#2213=AXIS2_PLACEMENT_3D('',#2214,#2215,#2216);
#2214=CARTESIAN_POINT('',(1.905,-1.613,0.927));
#2215=DIRECTION('',(1.0,0.0,0.0));
#2216=DIRECTION('',(0.,0.,1.));
#2217=FACE_OUTER_BOUND('',#2218,.T.);
#2218=EDGE_LOOP('',(#2219,#2229,#2239,#2249));
#2222=CARTESIAN_POINT('',(1.905,-0.102,0.927));
#2221=VERTEX_POINT('',#2222);
#2224=CARTESIAN_POINT('',(1.905,-1.613,0.927));
#2223=VERTEX_POINT('',#2224);
#2220=EDGE_CURVE('',#2221,#2223,#2225,.T.);
#2225=LINE('',#2222,#2227);
#2227=VECTOR('',#2228,1.5112873);
#2228=DIRECTION('',(0.0,-1.0,0.0));
#2219=ORIENTED_EDGE('',*,*,#2220,.F.);
#2230=EDGE_CURVE('',#2074,#2221,#2235,.T.);
#2235=LINE('',#2075,#2237);
#2237=VECTOR('',#2238,0.8255);
#2238=DIRECTION('',(0.0,0.0,-1.0));
#2229=ORIENTED_EDGE('',*,*,#2230,.F.);
#2239=ORIENTED_EDGE('',*,*,#2073,.T.);
#2250=EDGE_CURVE('',#2223,#2076,#2255,.T.);
#2255=LINE('',#2224,#2257);
#2257=VECTOR('',#2258,0.8255);
#2258=DIRECTION('',(0.0,0.0,1.0));
#2249=ORIENTED_EDGE('',*,*,#2250,.F.);
#2259=STYLED_ITEM('',(#43),#2260);
#2260=ADVANCED_FACE('',(#2266),#2261,.T.);
#2261=PLANE('',#2262);
#2262=AXIS2_PLACEMENT_3D('',#2263,#2264,#2265);
#2263=CARTESIAN_POINT('',(1.905,-0.102,0.927));
#2264=DIRECTION('',(0.426,0.905,0.0));
#2265=DIRECTION('',(0.,0.,1.));
#2266=FACE_OUTER_BOUND('',#2267,.T.);
#2267=EDGE_LOOP('',(#2268,#2278,#2288,#2298));
#2271=CARTESIAN_POINT('',(1.689,0.0,0.61));
#2270=VERTEX_POINT('',#2271);
#2269=EDGE_CURVE('',#2270,#2221,#2274,.T.);
#2274=LINE('',#2271,#2276);
#2276=VECTOR('',#2277,0.397165165228076);
#2277=DIRECTION('',(0.544,-0.256,0.799));
#2268=ORIENTED_EDGE('',*,*,#2269,.F.);
#2279=EDGE_CURVE('',#2084,#2270,#2284,.T.);
#2284=LINE('',#2085,#2286);
#2286=VECTOR('',#2287,1.27);
#2287=DIRECTION('',(0.0,0.0,-1.0));
#2278=ORIENTED_EDGE('',*,*,#2279,.F.);
#2288=ORIENTED_EDGE('',*,*,#2083,.T.);
#2298=ORIENTED_EDGE('',*,*,#2230,.T.);
#2308=STYLED_ITEM('',(#43),#2309);
#2309=ADVANCED_FACE('',(#2315),#2310,.T.);
#2310=PLANE('',#2311);
#2311=AXIS2_PLACEMENT_3D('',#2312,#2313,#2314);
#2312=CARTESIAN_POINT('',(1.689,0.0,0.61));
#2313=DIRECTION('',(0.0,1.0,0.0));
#2314=DIRECTION('',(0.,0.,1.));
#2315=FACE_OUTER_BOUND('',#2316,.T.);
#2316=EDGE_LOOP('',(#2317,#2327,#2337,#2347));
#2320=CARTESIAN_POINT('',(0.851,0.0,0.61));
#2319=VERTEX_POINT('',#2320);
#2318=EDGE_CURVE('',#2319,#2270,#2323,.T.);
#2323=LINE('',#2320,#2325);
#2325=VECTOR('',#2326,0.8382127);
#2326=DIRECTION('',(1.0,0.0,0.0));
#2317=ORIENTED_EDGE('',*,*,#2318,.F.);
#2328=EDGE_CURVE('',#2143,#2319,#2333,.T.);
#2333=LINE('',#2144,#2335);
#2335=VECTOR('',#2336,1.27);
#2336=DIRECTION('',(0.0,0.0,-1.0));
#2327=ORIENTED_EDGE('',*,*,#2328,.F.);
#2337=ORIENTED_EDGE('',*,*,#2142,.T.);
#2347=ORIENTED_EDGE('',*,*,#2279,.T.);
#2357=STYLED_ITEM('',(#43),#2358);
#2358=ADVANCED_FACE('',(#2364),#2359,.T.);
#2359=PLANE('',#2360);
#2360=AXIS2_PLACEMENT_3D('',#2361,#2362,#2363);
#2361=CARTESIAN_POINT('',(0.851,0.0,0.61));
#2362=DIRECTION('',(-0.426,0.905,0.0));
#2363=DIRECTION('',(0.,0.,1.));
#2364=FACE_OUTER_BOUND('',#2365,.T.);
#2365=EDGE_LOOP('',(#2366,#2376,#2386,#2396));
#2369=CARTESIAN_POINT('',(0.635,-0.102,0.927));
#2368=VERTEX_POINT('',#2369);
#2367=EDGE_CURVE('',#2368,#2319,#2372,.T.);
#2372=LINE('',#2369,#2374);
#2374=VECTOR('',#2375,0.397165165228076);
#2375=DIRECTION('',(0.544,0.256,-0.799));
#2366=ORIENTED_EDGE('',*,*,#2367,.F.);
#2377=EDGE_CURVE('',#2192,#2368,#2382,.T.);
#2382=LINE('',#2193,#2384);
#2384=VECTOR('',#2385,0.8255);
#2385=DIRECTION('',(0.0,0.0,-1.0));
#2376=ORIENTED_EDGE('',*,*,#2377,.F.);
#2386=ORIENTED_EDGE('',*,*,#2191,.T.);
#2396=ORIENTED_EDGE('',*,*,#2328,.T.);
#2406=STYLED_ITEM('',(#43),#2407);
#2407=ADVANCED_FACE('',(#2413),#2408,.T.);
#2408=PLANE('',#2409);
#2409=AXIS2_PLACEMENT_3D('',#2410,#2411,#2412);
#2410=CARTESIAN_POINT('',(0.635,-1.613,0.927));
#2411=DIRECTION('',(-0.426,-0.905,0.0));
#2412=DIRECTION('',(0.,0.,1.));
#2413=FACE_OUTER_BOUND('',#2414,.T.);
#2414=EDGE_LOOP('',(#2415,#2425,#2435,#2445));
#2418=CARTESIAN_POINT('',(0.851,-1.715,0.61));
#2417=VERTEX_POINT('',#2418);
#2420=CARTESIAN_POINT('',(0.635,-1.613,0.927));
#2419=VERTEX_POINT('',#2420);
#2416=EDGE_CURVE('',#2417,#2419,#2421,.T.);
#2421=LINE('',#2418,#2423);
#2423=VECTOR('',#2424,0.397165165228076);
#2424=DIRECTION('',(-0.544,0.256,0.799));
#2415=ORIENTED_EDGE('',*,*,#2416,.F.);
#2426=EDGE_CURVE('',#2125,#2417,#2431,.T.);
#2431=LINE('',#2126,#2433);
#2433=VECTOR('',#2434,1.27);
#2434=DIRECTION('',(0.0,0.0,-1.0));
#2425=ORIENTED_EDGE('',*,*,#2426,.F.);
#2435=ORIENTED_EDGE('',*,*,#2171,.T.);
#2446=EDGE_CURVE('',#2419,#2174,#2451,.T.);
#2451=LINE('',#2420,#2453);
#2453=VECTOR('',#2454,0.8255);
#2454=DIRECTION('',(0.0,0.0,1.0));
#2445=ORIENTED_EDGE('',*,*,#2446,.F.);
#2455=STYLED_ITEM('',(#43),#2456);
#2456=ADVANCED_FACE('',(#2462),#2457,.T.);
#2457=PLANE('',#2458);
#2458=AXIS2_PLACEMENT_3D('',#2459,#2460,#2461);
#2459=CARTESIAN_POINT('',(0.851,-1.715,0.61));
#2460=DIRECTION('',(0.0,-1.0,0.0));
#2461=DIRECTION('',(0.,0.,1.));
#2462=FACE_OUTER_BOUND('',#2463,.T.);
#2463=EDGE_LOOP('',(#2464,#2474,#2484,#2494));
#2467=CARTESIAN_POINT('',(1.689,-1.715,0.61));
#2466=VERTEX_POINT('',#2467);
#2465=EDGE_CURVE('',#2466,#2417,#2470,.T.);
#2470=LINE('',#2467,#2472);
#2472=VECTOR('',#2473,0.8382127);
#2473=DIRECTION('',(-1.0,0.0,0.0));
#2464=ORIENTED_EDGE('',*,*,#2465,.F.);
#2475=EDGE_CURVE('',#2094,#2466,#2480,.T.);
#2480=LINE('',#2095,#2482);
#2482=VECTOR('',#2483,1.27);
#2483=DIRECTION('',(0.0,0.0,-1.0));
#2474=ORIENTED_EDGE('',*,*,#2475,.F.);
#2484=ORIENTED_EDGE('',*,*,#2122,.T.);
#2494=ORIENTED_EDGE('',*,*,#2426,.T.);
#2504=STYLED_ITEM('',(#43),#2505);
#2505=ADVANCED_FACE('',(#2511),#2506,.T.);
#2506=PLANE('',#2507);
#2507=AXIS2_PLACEMENT_3D('',#2508,#2509,#2510);
#2508=CARTESIAN_POINT('',(1.689,-1.715,0.61));
#2509=DIRECTION('',(0.426,-0.905,0.0));
#2510=DIRECTION('',(0.,0.,1.));
#2511=FACE_OUTER_BOUND('',#2512,.T.);
#2512=EDGE_LOOP('',(#2513,#2523,#2533,#2543));
#2514=EDGE_CURVE('',#2223,#2466,#2519,.T.);
#2519=LINE('',#2224,#2521);
#2521=VECTOR('',#2522,0.397165165228076);
#2522=DIRECTION('',(-0.544,-0.256,-0.799));
#2513=ORIENTED_EDGE('',*,*,#2514,.F.);
#2523=ORIENTED_EDGE('',*,*,#2250,.T.);
#2533=ORIENTED_EDGE('',*,*,#2103,.T.);
#2543=ORIENTED_EDGE('',*,*,#2475,.T.);
#2553=STYLED_ITEM('',(#43),#2554);
#2554=ADVANCED_FACE('',(#2560),#2555,.T.);
#2555=PLANE('',#2556);
#2556=AXIS2_PLACEMENT_3D('',#2557,#2558,#2559);
#2557=CARTESIAN_POINT('',(1.689,-1.715,0.61));
#2558=DIRECTION('',(0.827,0.0,-0.562));
#2559=DIRECTION('',(0.,0.,1.));
#2560=FACE_OUTER_BOUND('',#2561,.T.);
#2561=EDGE_LOOP('',(#2562,#2572,#2582,#2592));
#2563=EDGE_CURVE('',#2270,#2466,#2568,.T.);
#2568=LINE('',#2271,#2570);
#2570=VECTOR('',#2571,1.7145);
#2571=DIRECTION('',(0.0,-1.0,0.0));
#2562=ORIENTED_EDGE('',*,*,#2563,.F.);
#2572=ORIENTED_EDGE('',*,*,#2269,.T.);
#2582=ORIENTED_EDGE('',*,*,#2220,.T.);
#2592=ORIENTED_EDGE('',*,*,#2514,.T.);
#2602=STYLED_ITEM('',(#43),#2603);
#2603=ADVANCED_FACE('',(#2609),#2604,.T.);
#2604=PLANE('',#2605);
#2605=AXIS2_PLACEMENT_3D('',#2606,#2607,#2608);
#2606=CARTESIAN_POINT('',(0.851,0.0,0.61));
#2607=DIRECTION('',(0.0,0.0,-1.0));
#2608=DIRECTION('',(0.,1.,0.));
#2609=FACE_OUTER_BOUND('',#2610,.T.);
#2610=EDGE_LOOP('',(#2611,#2621,#2631,#2641));
#2611=ORIENTED_EDGE('',*,*,#2318,.T.);
#2621=ORIENTED_EDGE('',*,*,#2563,.T.);
#2631=ORIENTED_EDGE('',*,*,#2465,.T.);
#2642=EDGE_CURVE('',#2319,#2417,#2647,.T.);
#2647=LINE('',#2320,#2649);
#2649=VECTOR('',#2650,1.7145);
#2650=DIRECTION('',(0.0,-1.0,0.0));
#2641=ORIENTED_EDGE('',*,*,#2642,.F.);
#2651=STYLED_ITEM('',(#43),#2652);
#2652=ADVANCED_FACE('',(#2658),#2653,.T.);
#2653=PLANE('',#2654);
#2654=AXIS2_PLACEMENT_3D('',#2655,#2656,#2657);
#2655=CARTESIAN_POINT('',(0.851,0.0,0.61));
#2656=DIRECTION('',(-0.827,0.0,-0.562));
#2657=DIRECTION('',(0.,0.,1.));
#2658=FACE_OUTER_BOUND('',#2659,.T.);
#2659=EDGE_LOOP('',(#2660,#2670,#2680,#2690));
#2660=ORIENTED_EDGE('',*,*,#2642,.T.);
#2670=ORIENTED_EDGE('',*,*,#2416,.T.);
#2681=EDGE_CURVE('',#2368,#2419,#2686,.T.);
#2686=LINE('',#2369,#2688);
#2688=VECTOR('',#2689,1.5112873);
#2689=DIRECTION('',(0.0,-1.0,0.0));
#2680=ORIENTED_EDGE('',*,*,#2681,.F.);
#2690=ORIENTED_EDGE('',*,*,#2367,.T.);
#2700=STYLED_ITEM('',(#43),#2701);
#2701=ADVANCED_FACE('',(#2707),#2702,.T.);
#2702=PLANE('',#2703);
#2703=AXIS2_PLACEMENT_3D('',#2704,#2705,#2706);
#2704=CARTESIAN_POINT('',(0.635,-1.613,1.753));
#2705=DIRECTION('',(0.507,0.0,0.862));
#2706=DIRECTION('',(0.,0.,1.));
#2707=FACE_OUTER_BOUND('',#2708,.T.);
#2708=EDGE_LOOP('',(#2709,#2719,#2729,#2739));
#2709=ORIENTED_EDGE('',*,*,#2201,.T.);
#2722=CARTESIAN_POINT('',(0.419,0.0,1.88));
#2721=VERTEX_POINT('',#2722);
#2720=EDGE_CURVE('',#2721,#2192,#2725,.T.);
#2725=LINE('',#2722,#2727);
#2727=VECTOR('',#2728,0.270301532497774);
#2728=DIRECTION('',(0.799,-0.376,-0.47));
#2719=ORIENTED_EDGE('',*,*,#2720,.F.);
#2732=CARTESIAN_POINT('',(0.419,-1.715,1.88));
#2731=VERTEX_POINT('',#2732);
#2730=EDGE_CURVE('',#2731,#2721,#2735,.T.);
#2735=LINE('',#2732,#2737);
#2737=VECTOR('',#2738,1.7145);
#2738=DIRECTION('',(0.0,1.0,0.0));
#2729=ORIENTED_EDGE('',*,*,#2730,.F.);
#2740=EDGE_CURVE('',#2174,#2731,#2745,.T.);
#2745=LINE('',#2175,#2747);
#2747=VECTOR('',#2748,0.270301532497774);
#2748=DIRECTION('',(-0.799,-0.376,0.47));
#2739=ORIENTED_EDGE('',*,*,#2740,.F.);
#2749=STYLED_ITEM('',(#43),#2750);
#2750=ADVANCED_FACE('',(#2756),#2751,.T.);
#2751=PLANE('',#2752);
#2752=AXIS2_PLACEMENT_3D('',#2753,#2754,#2755);
#2753=CARTESIAN_POINT('',(-0.419,-1.715,1.88));
#2754=DIRECTION('',(0.0,0.0,1.0));
#2755=DIRECTION('',(0.,1.,0.));
#2756=FACE_OUTER_BOUND('',#2757,.T.);
#2757=EDGE_LOOP('',(#2758,#2768,#2778,#2788));
#2763=CARTESIAN_POINT('',(-0.419,-1.715,1.88));
#2762=VERTEX_POINT('',#2763);
#2759=EDGE_CURVE('',#2731,#2762,#2764,.T.);
#2764=LINE('',#2732,#2766);
#2766=VECTOR('',#2767,0.8382127);
#2767=DIRECTION('',(-1.0,0.0,0.0));
#2758=ORIENTED_EDGE('',*,*,#2759,.F.);
#2768=ORIENTED_EDGE('',*,*,#2730,.T.);
#2781=CARTESIAN_POINT('',(-0.419,0.0,1.88));
#2780=VERTEX_POINT('',#2781);
#2779=EDGE_CURVE('',#2780,#2721,#2784,.T.);
#2784=LINE('',#2781,#2786);
#2786=VECTOR('',#2787,0.8382127);
#2787=DIRECTION('',(1.0,0.0,0.0));
#2778=ORIENTED_EDGE('',*,*,#2779,.F.);
#2789=EDGE_CURVE('',#2762,#2780,#2794,.T.);
#2794=LINE('',#2763,#2796);
#2796=VECTOR('',#2797,1.7145);
#2797=DIRECTION('',(0.0,1.0,0.0));
#2788=ORIENTED_EDGE('',*,*,#2789,.F.);
#2798=STYLED_ITEM('',(#43),#2799);
#2799=ADVANCED_FACE('',(#2805),#2800,.T.);
#2800=PLANE('',#2801);
#2801=AXIS2_PLACEMENT_3D('',#2802,#2803,#2804);
#2802=CARTESIAN_POINT('',(-0.635,-1.613,1.753));
#2803=DIRECTION('',(-0.507,0.0,0.862));
#2804=DIRECTION('',(0.,0.,1.));
#2805=FACE_OUTER_BOUND('',#2806,.T.);
#2806=EDGE_LOOP('',(#2807,#2817,#2827,#2837));
#2812=CARTESIAN_POINT('',(-0.635,-1.613,1.753));
#2811=VERTEX_POINT('',#2812);
#2808=EDGE_CURVE('',#2762,#2811,#2813,.T.);
#2813=LINE('',#2763,#2815);
#2815=VECTOR('',#2816,0.270301532497774);
#2816=DIRECTION('',(-0.799,0.376,-0.47));
#2807=ORIENTED_EDGE('',*,*,#2808,.F.);
#2817=ORIENTED_EDGE('',*,*,#2789,.T.);
#2830=CARTESIAN_POINT('',(-0.635,-0.102,1.753));
#2829=VERTEX_POINT('',#2830);
#2828=EDGE_CURVE('',#2829,#2780,#2833,.T.);
#2833=LINE('',#2830,#2835);
#2835=VECTOR('',#2836,0.270301532497774);
#2836=DIRECTION('',(0.799,0.376,0.47));
#2827=ORIENTED_EDGE('',*,*,#2828,.F.);
#2838=EDGE_CURVE('',#2811,#2829,#2843,.T.);
#2843=LINE('',#2812,#2845);
#2845=VECTOR('',#2846,1.5112873);
#2846=DIRECTION('',(0.0,1.0,0.0));
#2837=ORIENTED_EDGE('',*,*,#2838,.F.);
#2847=STYLED_ITEM('',(#43),#2848);
#2848=ADVANCED_FACE('',(#2854),#2849,.T.);
#2849=PLANE('',#2850);
#2850=AXIS2_PLACEMENT_3D('',#2851,#2852,#2853);
#2851=CARTESIAN_POINT('',(0.635,-0.102,0.927));
#2852=DIRECTION('',(0.426,0.905,0.0));
#2853=DIRECTION('',(0.,0.,1.));
#2854=FACE_OUTER_BOUND('',#2855,.T.);
#2855=EDGE_LOOP('',(#2856,#2866,#2876,#2886));
#2859=CARTESIAN_POINT('',(0.419,0.0,0.61));
#2858=VERTEX_POINT('',#2859);
#2857=EDGE_CURVE('',#2858,#2368,#2862,.T.);
#2862=LINE('',#2859,#2864);
#2864=VECTOR('',#2865,0.397165165228076);
#2865=DIRECTION('',(0.544,-0.256,0.799));
#2856=ORIENTED_EDGE('',*,*,#2857,.F.);
#2867=EDGE_CURVE('',#2721,#2858,#2872,.T.);
#2872=LINE('',#2722,#2874);
#2874=VECTOR('',#2875,1.27);
#2875=DIRECTION('',(0.0,0.0,-1.0));
#2866=ORIENTED_EDGE('',*,*,#2867,.F.);
#2876=ORIENTED_EDGE('',*,*,#2720,.T.);
#2886=ORIENTED_EDGE('',*,*,#2377,.T.);
#2896=STYLED_ITEM('',(#43),#2897);
#2897=ADVANCED_FACE('',(#2903),#2898,.T.);
#2898=PLANE('',#2899);
#2899=AXIS2_PLACEMENT_3D('',#2900,#2901,#2902);
#2900=CARTESIAN_POINT('',(0.419,0.0,0.61));
#2901=DIRECTION('',(0.0,1.0,0.0));
#2902=DIRECTION('',(0.,0.,1.));
#2903=FACE_OUTER_BOUND('',#2904,.T.);
#2904=EDGE_LOOP('',(#2905,#2915,#2925,#2935));
#2908=CARTESIAN_POINT('',(-0.419,0.0,0.61));
#2907=VERTEX_POINT('',#2908);
#2906=EDGE_CURVE('',#2907,#2858,#2911,.T.);
#2911=LINE('',#2908,#2913);
#2913=VECTOR('',#2914,0.8382127);
#2914=DIRECTION('',(1.0,0.0,0.0));
#2905=ORIENTED_EDGE('',*,*,#2906,.F.);
#2916=EDGE_CURVE('',#2780,#2907,#2921,.T.);
#2921=LINE('',#2781,#2923);
#2923=VECTOR('',#2924,1.27);
#2924=DIRECTION('',(0.0,0.0,-1.0));
#2915=ORIENTED_EDGE('',*,*,#2916,.F.);
#2925=ORIENTED_EDGE('',*,*,#2779,.T.);
#2935=ORIENTED_EDGE('',*,*,#2867,.T.);
#2945=STYLED_ITEM('',(#43),#2946);
#2946=ADVANCED_FACE('',(#2952),#2947,.T.);
#2947=PLANE('',#2948);
#2948=AXIS2_PLACEMENT_3D('',#2949,#2950,#2951);
#2949=CARTESIAN_POINT('',(-0.419,0.0,0.61));
#2950=DIRECTION('',(-0.426,0.905,0.0));
#2951=DIRECTION('',(0.,0.,1.));
#2952=FACE_OUTER_BOUND('',#2953,.T.);
#2953=EDGE_LOOP('',(#2954,#2964,#2974,#2984));
#2957=CARTESIAN_POINT('',(-0.635,-0.102,0.927));
#2956=VERTEX_POINT('',#2957);
#2955=EDGE_CURVE('',#2956,#2907,#2960,.T.);
#2960=LINE('',#2957,#2962);
#2962=VECTOR('',#2963,0.397165165228076);
#2963=DIRECTION('',(0.544,0.256,-0.799));
#2954=ORIENTED_EDGE('',*,*,#2955,.F.);
#2965=EDGE_CURVE('',#2829,#2956,#2970,.T.);
#2970=LINE('',#2830,#2972);
#2972=VECTOR('',#2973,0.8255);
#2973=DIRECTION('',(0.0,0.0,-1.0));
#2964=ORIENTED_EDGE('',*,*,#2965,.F.);
#2974=ORIENTED_EDGE('',*,*,#2828,.T.);
#2984=ORIENTED_EDGE('',*,*,#2916,.T.);
#2994=STYLED_ITEM('',(#43),#2995);
#2995=ADVANCED_FACE('',(#3001),#2996,.T.);
#2996=PLANE('',#2997);
#2997=AXIS2_PLACEMENT_3D('',#2998,#2999,#3000);
#2998=CARTESIAN_POINT('',(-0.635,-1.613,0.927));
#2999=DIRECTION('',(-0.426,-0.905,0.0));
#3000=DIRECTION('',(0.,0.,1.));
#3001=FACE_OUTER_BOUND('',#3002,.T.);
#3002=EDGE_LOOP('',(#3003,#3013,#3023,#3033));
#3006=CARTESIAN_POINT('',(-0.419,-1.715,0.61));
#3005=VERTEX_POINT('',#3006);
#3008=CARTESIAN_POINT('',(-0.635,-1.613,0.927));
#3007=VERTEX_POINT('',#3008);
#3004=EDGE_CURVE('',#3005,#3007,#3009,.T.);
#3009=LINE('',#3006,#3011);
#3011=VECTOR('',#3012,0.397165165228076);
#3012=DIRECTION('',(-0.544,0.256,0.799));
#3003=ORIENTED_EDGE('',*,*,#3004,.F.);
#3014=EDGE_CURVE('',#2762,#3005,#3019,.T.);
#3019=LINE('',#2763,#3021);
#3021=VECTOR('',#3022,1.27);
#3022=DIRECTION('',(0.0,0.0,-1.0));
#3013=ORIENTED_EDGE('',*,*,#3014,.F.);
#3023=ORIENTED_EDGE('',*,*,#2808,.T.);
#3034=EDGE_CURVE('',#3007,#2811,#3039,.T.);
#3039=LINE('',#3008,#3041);
#3041=VECTOR('',#3042,0.8255);
#3042=DIRECTION('',(0.0,0.0,1.0));
#3033=ORIENTED_EDGE('',*,*,#3034,.F.);
#3043=STYLED_ITEM('',(#43),#3044);
#3044=ADVANCED_FACE('',(#3050),#3045,.T.);
#3045=PLANE('',#3046);
#3046=AXIS2_PLACEMENT_3D('',#3047,#3048,#3049);
#3047=CARTESIAN_POINT('',(-0.419,-1.715,0.61));
#3048=DIRECTION('',(0.0,-1.0,0.0));
#3049=DIRECTION('',(0.,0.,1.));
#3050=FACE_OUTER_BOUND('',#3051,.T.);
#3051=EDGE_LOOP('',(#3052,#3062,#3072,#3082));
#3055=CARTESIAN_POINT('',(0.419,-1.715,0.61));
#3054=VERTEX_POINT('',#3055);
#3053=EDGE_CURVE('',#3054,#3005,#3058,.T.);
#3058=LINE('',#3055,#3060);
#3060=VECTOR('',#3061,0.8382127);
#3061=DIRECTION('',(-1.0,0.0,0.0));
#3052=ORIENTED_EDGE('',*,*,#3053,.F.);
#3063=EDGE_CURVE('',#2731,#3054,#3068,.T.);
#3068=LINE('',#2732,#3070);
#3070=VECTOR('',#3071,1.27);
#3071=DIRECTION('',(0.0,0.0,-1.0));
#3062=ORIENTED_EDGE('',*,*,#3063,.F.);
#3072=ORIENTED_EDGE('',*,*,#2759,.T.);
#3082=ORIENTED_EDGE('',*,*,#3014,.T.);
#3092=STYLED_ITEM('',(#43),#3093);
#3093=ADVANCED_FACE('',(#3099),#3094,.T.);
#3094=PLANE('',#3095);
#3095=AXIS2_PLACEMENT_3D('',#3096,#3097,#3098);
#3096=CARTESIAN_POINT('',(0.419,-1.715,0.61));
#3097=DIRECTION('',(0.426,-0.905,0.0));
#3098=DIRECTION('',(0.,0.,1.));
#3099=FACE_OUTER_BOUND('',#3100,.T.);
#3100=EDGE_LOOP('',(#3101,#3111,#3121,#3131));
#3102=EDGE_CURVE('',#2419,#3054,#3107,.T.);
#3107=LINE('',#2420,#3109);
#3109=VECTOR('',#3110,0.397165165228076);
#3110=DIRECTION('',(-0.544,-0.256,-0.799));
#3101=ORIENTED_EDGE('',*,*,#3102,.F.);
#3111=ORIENTED_EDGE('',*,*,#2446,.T.);
#3121=ORIENTED_EDGE('',*,*,#2740,.T.);
#3131=ORIENTED_EDGE('',*,*,#3063,.T.);
#3141=STYLED_ITEM('',(#43),#3142);
#3142=ADVANCED_FACE('',(#3148),#3143,.T.);
#3143=PLANE('',#3144);
#3144=AXIS2_PLACEMENT_3D('',#3145,#3146,#3147);
#3145=CARTESIAN_POINT('',(0.419,-1.715,0.61));
#3146=DIRECTION('',(0.827,0.0,-0.562));
#3147=DIRECTION('',(0.,0.,1.));
#3148=FACE_OUTER_BOUND('',#3149,.T.);
#3149=EDGE_LOOP('',(#3150,#3160,#3170,#3180));
#3151=EDGE_CURVE('',#2858,#3054,#3156,.T.);
#3156=LINE('',#2859,#3158);
#3158=VECTOR('',#3159,1.7145);
#3159=DIRECTION('',(0.0,-1.0,0.0));
#3150=ORIENTED_EDGE('',*,*,#3151,.F.);
#3160=ORIENTED_EDGE('',*,*,#2857,.T.);
#3170=ORIENTED_EDGE('',*,*,#2681,.T.);
#3180=ORIENTED_EDGE('',*,*,#3102,.T.);
#3190=STYLED_ITEM('',(#43),#3191);
#3191=ADVANCED_FACE('',(#3197),#3192,.T.);
#3192=PLANE('',#3193);
#3193=AXIS2_PLACEMENT_3D('',#3194,#3195,#3196);
#3194=CARTESIAN_POINT('',(-0.419,-1.715,0.61));
#3195=DIRECTION('',(0.0,0.0,-1.0));
#3196=DIRECTION('',(0.,1.,0.));
#3197=FACE_OUTER_BOUND('',#3198,.T.);
#3198=EDGE_LOOP('',(#3199,#3209,#3219,#3229));
#3200=EDGE_CURVE('',#2907,#3005,#3205,.T.);
#3205=LINE('',#2908,#3207);
#3207=VECTOR('',#3208,1.7145);
#3208=DIRECTION('',(0.0,-1.0,0.0));
#3199=ORIENTED_EDGE('',*,*,#3200,.F.);
#3209=ORIENTED_EDGE('',*,*,#2906,.T.);
#3219=ORIENTED_EDGE('',*,*,#3151,.T.);
#3229=ORIENTED_EDGE('',*,*,#3053,.T.);
#3239=STYLED_ITEM('',(#43),#3240);
#3240=ADVANCED_FACE('',(#3246),#3241,.T.);
#3241=PLANE('',#3242);
#3242=AXIS2_PLACEMENT_3D('',#3243,#3244,#3245);
#3243=CARTESIAN_POINT('',(-0.635,-1.613,0.927));
#3244=DIRECTION('',(-0.827,0.0,-0.562));
#3245=DIRECTION('',(0.,0.,1.));
#3246=FACE_OUTER_BOUND('',#3247,.T.);
#3247=EDGE_LOOP('',(#3248,#3258,#3268,#3278));
#3249=EDGE_CURVE('',#2956,#3007,#3254,.T.);
#3254=LINE('',#2957,#3256);
#3256=VECTOR('',#3257,1.5112873);
#3257=DIRECTION('',(0.0,-1.0,0.0));
#3248=ORIENTED_EDGE('',*,*,#3249,.F.);
#3258=ORIENTED_EDGE('',*,*,#2955,.T.);
#3268=ORIENTED_EDGE('',*,*,#3200,.T.);
#3278=ORIENTED_EDGE('',*,*,#3004,.T.);
#3288=STYLED_ITEM('',(#43),#3289);
#3289=ADVANCED_FACE('',(#3295),#3290,.T.);
#3290=PLANE('',#3291);
#3291=AXIS2_PLACEMENT_3D('',#3292,#3293,#3294);
#3292=CARTESIAN_POINT('',(-0.635,-1.613,1.753));
#3293=DIRECTION('',(0.507,0.0,0.862));
#3294=DIRECTION('',(0.,0.,1.));
#3295=FACE_OUTER_BOUND('',#3296,.T.);
#3296=EDGE_LOOP('',(#3297,#3307,#3317,#3327));
#3297=ORIENTED_EDGE('',*,*,#2838,.T.);
#3310=CARTESIAN_POINT('',(-0.851,0.0,1.88));
#3309=VERTEX_POINT('',#3310);
#3308=EDGE_CURVE('',#3309,#2829,#3313,.T.);
#3313=LINE('',#3310,#3315);
#3315=VECTOR('',#3316,0.270301532497774);
#3316=DIRECTION('',(0.799,-0.376,-0.47));
#3307=ORIENTED_EDGE('',*,*,#3308,.F.);
#3320=CARTESIAN_POINT('',(-0.851,-1.715,1.88));
#3319=VERTEX_POINT('',#3320);
#3318=EDGE_CURVE('',#3319,#3309,#3323,.T.);
#3323=LINE('',#3320,#3325);
#3325=VECTOR('',#3326,1.7145);
#3326=DIRECTION('',(0.0,1.0,0.0));
#3317=ORIENTED_EDGE('',*,*,#3318,.F.);
#3328=EDGE_CURVE('',#2811,#3319,#3333,.T.);
#3333=LINE('',#2812,#3335);
#3335=VECTOR('',#3336,0.270301532497774);
#3336=DIRECTION('',(-0.799,-0.376,0.47));
#3327=ORIENTED_EDGE('',*,*,#3328,.F.);
#3337=STYLED_ITEM('',(#43),#3338);
#3338=ADVANCED_FACE('',(#3344),#3339,.T.);
#3339=PLANE('',#3340);
#3340=AXIS2_PLACEMENT_3D('',#3341,#3342,#3343);
#3341=CARTESIAN_POINT('',(-1.689,-1.715,1.88));
#3342=DIRECTION('',(0.0,0.0,1.0));
#3343=DIRECTION('',(0.,1.,0.));
#3344=FACE_OUTER_BOUND('',#3345,.T.);
#3345=EDGE_LOOP('',(#3346,#3356,#3366,#3376));
#3351=CARTESIAN_POINT('',(-1.689,-1.715,1.88));
#3350=VERTEX_POINT('',#3351);
#3347=EDGE_CURVE('',#3319,#3350,#3352,.T.);
#3352=LINE('',#3320,#3354);
#3354=VECTOR('',#3355,0.8382127);
#3355=DIRECTION('',(-1.0,0.0,0.0));
#3346=ORIENTED_EDGE('',*,*,#3347,.F.);
#3356=ORIENTED_EDGE('',*,*,#3318,.T.);
#3369=CARTESIAN_POINT('',(-1.689,0.0,1.88));
#3368=VERTEX_POINT('',#3369);
#3367=EDGE_CURVE('',#3368,#3309,#3372,.T.);
#3372=LINE('',#3369,#3374);
#3374=VECTOR('',#3375,0.8382127);
#3375=DIRECTION('',(1.0,0.0,0.0));
#3366=ORIENTED_EDGE('',*,*,#3367,.F.);
#3377=EDGE_CURVE('',#3350,#3368,#3382,.T.);
#3382=LINE('',#3351,#3384);
#3384=VECTOR('',#3385,1.7145);
#3385=DIRECTION('',(0.0,1.0,0.0));
#3376=ORIENTED_EDGE('',*,*,#3377,.F.);
#3386=STYLED_ITEM('',(#43),#3387);
#3387=ADVANCED_FACE('',(#3393),#3388,.T.);
#3388=PLANE('',#3389);
#3389=AXIS2_PLACEMENT_3D('',#3390,#3391,#3392);
#3390=CARTESIAN_POINT('',(-1.905,-1.613,1.753));
#3391=DIRECTION('',(-0.507,0.0,0.862));
#3392=DIRECTION('',(0.,0.,1.));
#3393=FACE_OUTER_BOUND('',#3394,.T.);
#3394=EDGE_LOOP('',(#3395,#3405,#3415,#3425));
#3400=CARTESIAN_POINT('',(-1.905,-1.613,1.753));
#3399=VERTEX_POINT('',#3400);
#3396=EDGE_CURVE('',#3350,#3399,#3401,.T.);
#3401=LINE('',#3351,#3403);
#3403=VECTOR('',#3404,0.270301532497774);
#3404=DIRECTION('',(-0.799,0.376,-0.47));
#3395=ORIENTED_EDGE('',*,*,#3396,.F.);
#3405=ORIENTED_EDGE('',*,*,#3377,.T.);
#3418=CARTESIAN_POINT('',(-1.905,-0.102,1.753));
#3417=VERTEX_POINT('',#3418);
#3416=EDGE_CURVE('',#3417,#3368,#3421,.T.);
#3421=LINE('',#3418,#3423);
#3423=VECTOR('',#3424,0.270301532497774);
#3424=DIRECTION('',(0.799,0.376,0.47));
#3415=ORIENTED_EDGE('',*,*,#3416,.F.);
#3426=EDGE_CURVE('',#3399,#3417,#3431,.T.);
#3431=LINE('',#3400,#3433);
#3433=VECTOR('',#3434,1.5112873);
#3434=DIRECTION('',(0.0,1.0,0.0));
#3425=ORIENTED_EDGE('',*,*,#3426,.F.);
#3435=STYLED_ITEM('',(#43),#3436);
#3436=ADVANCED_FACE('',(#3442),#3437,.T.);
#3437=PLANE('',#3438);
#3438=AXIS2_PLACEMENT_3D('',#3439,#3440,#3441);
#3439=CARTESIAN_POINT('',(-0.635,-0.102,0.927));
#3440=DIRECTION('',(0.426,0.905,0.0));
#3441=DIRECTION('',(0.,0.,1.));
#3442=FACE_OUTER_BOUND('',#3443,.T.);
#3443=EDGE_LOOP('',(#3444,#3454,#3464,#3474));
#3447=CARTESIAN_POINT('',(-0.851,0.0,0.61));
#3446=VERTEX_POINT('',#3447);
#3445=EDGE_CURVE('',#3446,#2956,#3450,.T.);
#3450=LINE('',#3447,#3452);
#3452=VECTOR('',#3453,0.397165165228076);
#3453=DIRECTION('',(0.544,-0.256,0.799));
#3444=ORIENTED_EDGE('',*,*,#3445,.F.);
#3455=EDGE_CURVE('',#3309,#3446,#3460,.T.);
#3460=LINE('',#3310,#3462);
#3462=VECTOR('',#3463,1.27);
#3463=DIRECTION('',(0.0,0.0,-1.0));
#3454=ORIENTED_EDGE('',*,*,#3455,.F.);
#3464=ORIENTED_EDGE('',*,*,#3308,.T.);
#3474=ORIENTED_EDGE('',*,*,#2965,.T.);
#3484=STYLED_ITEM('',(#43),#3485);
#3485=ADVANCED_FACE('',(#3491),#3486,.T.);
#3486=PLANE('',#3487);
#3487=AXIS2_PLACEMENT_3D('',#3488,#3489,#3490);
#3488=CARTESIAN_POINT('',(-0.851,0.0,0.61));
#3489=DIRECTION('',(0.0,1.0,0.0));
#3490=DIRECTION('',(0.,0.,1.));
#3491=FACE_OUTER_BOUND('',#3492,.T.);
#3492=EDGE_LOOP('',(#3493,#3503,#3513,#3523));
#3496=CARTESIAN_POINT('',(-1.689,0.0,0.61));
#3495=VERTEX_POINT('',#3496);
#3494=EDGE_CURVE('',#3495,#3446,#3499,.T.);
#3499=LINE('',#3496,#3501);
#3501=VECTOR('',#3502,0.8382127);
#3502=DIRECTION('',(1.0,0.0,0.0));
#3493=ORIENTED_EDGE('',*,*,#3494,.F.);
#3504=EDGE_CURVE('',#3368,#3495,#3509,.T.);
#3509=LINE('',#3369,#3511);
#3511=VECTOR('',#3512,1.27);
#3512=DIRECTION('',(0.0,0.0,-1.0));
#3503=ORIENTED_EDGE('',*,*,#3504,.F.);
#3513=ORIENTED_EDGE('',*,*,#3367,.T.);
#3523=ORIENTED_EDGE('',*,*,#3455,.T.);
#3533=STYLED_ITEM('',(#43),#3534);
#3534=ADVANCED_FACE('',(#3540),#3535,.T.);
#3535=PLANE('',#3536);
#3536=AXIS2_PLACEMENT_3D('',#3537,#3538,#3539);
#3537=CARTESIAN_POINT('',(-1.689,0.0,0.61));
#3538=DIRECTION('',(-0.426,0.905,0.0));
#3539=DIRECTION('',(0.,0.,1.));
#3540=FACE_OUTER_BOUND('',#3541,.T.);
#3541=EDGE_LOOP('',(#3542,#3552,#3562,#3572));
#3545=CARTESIAN_POINT('',(-1.905,-0.102,0.927));
#3544=VERTEX_POINT('',#3545);
#3543=EDGE_CURVE('',#3544,#3495,#3548,.T.);
#3548=LINE('',#3545,#3550);
#3550=VECTOR('',#3551,0.397165165228076);
#3551=DIRECTION('',(0.544,0.256,-0.799));
#3542=ORIENTED_EDGE('',*,*,#3543,.F.);
#3553=EDGE_CURVE('',#3417,#3544,#3558,.T.);
#3558=LINE('',#3418,#3560);
#3560=VECTOR('',#3561,0.8255);
#3561=DIRECTION('',(0.0,0.0,-1.0));
#3552=ORIENTED_EDGE('',*,*,#3553,.F.);
#3562=ORIENTED_EDGE('',*,*,#3416,.T.);
#3572=ORIENTED_EDGE('',*,*,#3504,.T.);
#3582=STYLED_ITEM('',(#43),#3583);
#3583=ADVANCED_FACE('',(#3589),#3584,.T.);
#3584=PLANE('',#3585);
#3585=AXIS2_PLACEMENT_3D('',#3586,#3587,#3588);
#3586=CARTESIAN_POINT('',(-1.905,-1.613,0.927));
#3587=DIRECTION('',(-0.426,-0.905,0.0));
#3588=DIRECTION('',(0.,0.,1.));
#3589=FACE_OUTER_BOUND('',#3590,.T.);
#3590=EDGE_LOOP('',(#3591,#3601,#3611,#3621));
#3594=CARTESIAN_POINT('',(-1.689,-1.715,0.61));
#3593=VERTEX_POINT('',#3594);
#3596=CARTESIAN_POINT('',(-1.905,-1.613,0.927));
#3595=VERTEX_POINT('',#3596);
#3592=EDGE_CURVE('',#3593,#3595,#3597,.T.);
#3597=LINE('',#3594,#3599);
#3599=VECTOR('',#3600,0.397165165228076);
#3600=DIRECTION('',(-0.544,0.256,0.799));
#3591=ORIENTED_EDGE('',*,*,#3592,.F.);
#3602=EDGE_CURVE('',#3350,#3593,#3607,.T.);
#3607=LINE('',#3351,#3609);
#3609=VECTOR('',#3610,1.27);
#3610=DIRECTION('',(0.0,0.0,-1.0));
#3601=ORIENTED_EDGE('',*,*,#3602,.F.);
#3611=ORIENTED_EDGE('',*,*,#3396,.T.);
#3622=EDGE_CURVE('',#3595,#3399,#3627,.T.);
#3627=LINE('',#3596,#3629);
#3629=VECTOR('',#3630,0.8255);
#3630=DIRECTION('',(0.0,0.0,1.0));
#3621=ORIENTED_EDGE('',*,*,#3622,.F.);
#3631=STYLED_ITEM('',(#43),#3632);
#3632=ADVANCED_FACE('',(#3638),#3633,.T.);
#3633=PLANE('',#3634);
#3634=AXIS2_PLACEMENT_3D('',#3635,#3636,#3637);
#3635=CARTESIAN_POINT('',(-1.689,-1.715,0.61));
#3636=DIRECTION('',(0.0,-1.0,0.0));
#3637=DIRECTION('',(0.,0.,1.));
#3638=FACE_OUTER_BOUND('',#3639,.T.);
#3639=EDGE_LOOP('',(#3640,#3650,#3660,#3670));
#3643=CARTESIAN_POINT('',(-0.851,-1.715,0.61));
#3642=VERTEX_POINT('',#3643);
#3641=EDGE_CURVE('',#3642,#3593,#3646,.T.);
#3646=LINE('',#3643,#3648);
#3648=VECTOR('',#3649,0.8382127);
#3649=DIRECTION('',(-1.0,0.0,0.0));
#3640=ORIENTED_EDGE('',*,*,#3641,.F.);
#3651=EDGE_CURVE('',#3319,#3642,#3656,.T.);
#3656=LINE('',#3320,#3658);
#3658=VECTOR('',#3659,1.27);
#3659=DIRECTION('',(0.0,0.0,-1.0));
#3650=ORIENTED_EDGE('',*,*,#3651,.F.);
#3660=ORIENTED_EDGE('',*,*,#3347,.T.);
#3670=ORIENTED_EDGE('',*,*,#3602,.T.);
#3680=STYLED_ITEM('',(#43),#3681);
#3681=ADVANCED_FACE('',(#3687),#3682,.T.);
#3682=PLANE('',#3683);
#3683=AXIS2_PLACEMENT_3D('',#3684,#3685,#3686);
#3684=CARTESIAN_POINT('',(-0.851,-1.715,0.61));
#3685=DIRECTION('',(0.426,-0.905,0.0));
#3686=DIRECTION('',(0.,0.,1.));
#3687=FACE_OUTER_BOUND('',#3688,.T.);
#3688=EDGE_LOOP('',(#3689,#3699,#3709,#3719));
#3690=EDGE_CURVE('',#3007,#3642,#3695,.T.);
#3695=LINE('',#3008,#3697);
#3697=VECTOR('',#3698,0.397165165228076);
#3698=DIRECTION('',(-0.544,-0.256,-0.799));
#3689=ORIENTED_EDGE('',*,*,#3690,.F.);
#3699=ORIENTED_EDGE('',*,*,#3034,.T.);
#3709=ORIENTED_EDGE('',*,*,#3328,.T.);
#3719=ORIENTED_EDGE('',*,*,#3651,.T.);
#3729=STYLED_ITEM('',(#43),#3730);
#3730=ADVANCED_FACE('',(#3736),#3731,.T.);
#3731=PLANE('',#3732);
#3732=AXIS2_PLACEMENT_3D('',#3733,#3734,#3735);
#3733=CARTESIAN_POINT('',(-0.851,-1.715,0.61));
#3734=DIRECTION('',(0.827,0.0,-0.562));
#3735=DIRECTION('',(0.,0.,1.));
#3736=FACE_OUTER_BOUND('',#3737,.T.);
#3737=EDGE_LOOP('',(#3738,#3748,#3758,#3768));
#3739=EDGE_CURVE('',#3446,#3642,#3744,.T.);
#3744=LINE('',#3447,#3746);
#3746=VECTOR('',#3747,1.7145);
#3747=DIRECTION('',(0.0,-1.0,0.0));
#3738=ORIENTED_EDGE('',*,*,#3739,.F.);
#3748=ORIENTED_EDGE('',*,*,#3445,.T.);
#3758=ORIENTED_EDGE('',*,*,#3249,.T.);
#3768=ORIENTED_EDGE('',*,*,#3690,.T.);
#3778=STYLED_ITEM('',(#43),#3779);
#3779=ADVANCED_FACE('',(#3785),#3780,.T.);
#3780=PLANE('',#3781);
#3781=AXIS2_PLACEMENT_3D('',#3782,#3783,#3784);
#3782=CARTESIAN_POINT('',(-1.689,0.0,0.61));
#3783=DIRECTION('',(0.0,0.0,-1.0));
#3784=DIRECTION('',(0.,1.,0.));
#3785=FACE_OUTER_BOUND('',#3786,.T.);
#3786=EDGE_LOOP('',(#3787,#3797,#3807,#3817));
#3787=ORIENTED_EDGE('',*,*,#3494,.T.);
#3797=ORIENTED_EDGE('',*,*,#3739,.T.);
#3807=ORIENTED_EDGE('',*,*,#3641,.T.);
#3818=EDGE_CURVE('',#3495,#3593,#3823,.T.);
#3823=LINE('',#3496,#3825);
#3825=VECTOR('',#3826,1.7145);
#3826=DIRECTION('',(0.0,-1.0,0.0));
#3817=ORIENTED_EDGE('',*,*,#3818,.F.);
#3827=STYLED_ITEM('',(#43),#3828);
#3828=ADVANCED_FACE('',(#3834),#3829,.T.);
#3829=PLANE('',#3830);
#3830=AXIS2_PLACEMENT_3D('',#3831,#3832,#3833);
#3831=CARTESIAN_POINT('',(-1.689,0.0,0.61));
#3832=DIRECTION('',(-0.827,0.0,-0.562));
#3833=DIRECTION('',(0.,0.,1.));
#3834=FACE_OUTER_BOUND('',#3835,.T.);
#3835=EDGE_LOOP('',(#3836,#3846,#3856,#3866));
#3836=ORIENTED_EDGE('',*,*,#3818,.T.);
#3846=ORIENTED_EDGE('',*,*,#3592,.T.);
#3857=EDGE_CURVE('',#3544,#3595,#3862,.T.);
#3862=LINE('',#3545,#3864);
#3864=VECTOR('',#3865,1.5112873);
#3865=DIRECTION('',(0.0,-1.0,0.0));
#3856=ORIENTED_EDGE('',*,*,#3857,.F.);
#3866=ORIENTED_EDGE('',*,*,#3543,.T.);
#3876=STYLED_ITEM('',(#43),#3877);
#3877=ADVANCED_FACE('',(#3883),#3878,.T.);
#3878=PLANE('',#3879);
#3879=AXIS2_PLACEMENT_3D('',#3880,#3881,#3882);
#3880=CARTESIAN_POINT('',(-1.905,-0.102,0.927));
#3881=DIRECTION('',(-1.0,0.0,0.0));
#3882=DIRECTION('',(0.,0.,1.));
#3883=FACE_OUTER_BOUND('',#3884,.T.);
#3884=EDGE_LOOP('',(#3885,#3895,#3905,#3915));
#3885=ORIENTED_EDGE('',*,*,#3857,.T.);
#3895=ORIENTED_EDGE('',*,*,#3622,.T.);
#3905=ORIENTED_EDGE('',*,*,#3426,.T.);
#3915=ORIENTED_EDGE('',*,*,#3553,.T.);
#3926=MANIFOLD_SOLID_BREP($,#3927);
#3927=CLOSED_SHELL('',(#3931,#3980,#4029,#4078,#4127,#4176,#4225,#4274,#4323,#4372));
#3928=MANIFOLD_SOLID_BREP($,#3929);
#3929=CLOSED_SHELL('',(#4421,#4470,#4519,#4568,#4666,#4764,#4813,#4862,#4911,#4960,#5009,#5060,#5111,#5204));
#3930=STYLED_ITEM('',(#34),#3931);
#3931=ADVANCED_FACE('',(#3937),#3932,.T.);
#3932=PLANE('',#3933);
#3933=AXIS2_PLACEMENT_3D('',#3934,#3935,#3936);
#3934=CARTESIAN_POINT('',(1.372,0.914,4.318));
#3935=DIRECTION('',(0.0,0.0,1.0));
#3936=DIRECTION('',(0.,1.,0.));
#3937=FACE_OUTER_BOUND('',#3938,.T.);
#3938=EDGE_LOOP('',(#3939,#3949,#3959,#3969));
#3942=CARTESIAN_POINT('',(1.372,1.118,4.318));
#3941=VERTEX_POINT('',#3942);
#3944=CARTESIAN_POINT('',(1.372,0.914,4.318));
#3943=VERTEX_POINT('',#3944);
#3940=EDGE_CURVE('',#3941,#3943,#3945,.T.);
#3945=LINE('',#3942,#3947);
#3947=VECTOR('',#3948,0.203199997275109);
#3948=DIRECTION('',(0.0,-1.0,0.0));
#3939=ORIENTED_EDGE('',*,*,#3940,.F.);
#3952=CARTESIAN_POINT('',(1.168,1.118,4.318));
#3951=VERTEX_POINT('',#3952);
#3950=EDGE_CURVE('',#3951,#3941,#3955,.T.);
#3955=LINE('',#3952,#3957);
#3957=VECTOR('',#3958,0.203200008169614);
#3958=DIRECTION('',(1.0,0.0,0.0));
#3949=ORIENTED_EDGE('',*,*,#3950,.F.);
#3962=CARTESIAN_POINT('',(1.168,0.914,4.318));
#3961=VERTEX_POINT('',#3962);
#3960=EDGE_CURVE('',#3961,#3951,#3965,.T.);
#3965=LINE('',#3962,#3967);
#3967=VECTOR('',#3968,0.203199997275109);
#3968=DIRECTION('',(0.0,1.0,0.0));
#3959=ORIENTED_EDGE('',*,*,#3960,.F.);
#3970=EDGE_CURVE('',#3943,#3961,#3975,.T.);
#3975=LINE('',#3944,#3977);
#3977=VECTOR('',#3978,0.203199997280168);
#3978=DIRECTION('',(-1.0,0.0,0.0));
#3969=ORIENTED_EDGE('',*,*,#3970,.F.);
#3979=STYLED_ITEM('',(#34),#3980);
#3980=ADVANCED_FACE('',(#3986),#3981,.T.);
#3981=PLANE('',#3982);
#3982=AXIS2_PLACEMENT_3D('',#3983,#3984,#3985);
#3983=CARTESIAN_POINT('',(1.473,1.219,4.216));
#3984=DIRECTION('',(0.0,0.707,0.707));
#3985=DIRECTION('',(0.,0.,1.));
#3986=FACE_OUTER_BOUND('',#3987,.T.);
#3987=EDGE_LOOP('',(#3988,#3998,#4008,#4018));
#3991=CARTESIAN_POINT('',(1.067,1.219,4.216));
#3990=VERTEX_POINT('',#3991);
#3993=CARTESIAN_POINT('',(1.473,1.219,4.216));
#3992=VERTEX_POINT('',#3993);
#3989=EDGE_CURVE('',#3990,#3992,#3994,.T.);
#3994=LINE('',#3991,#3996);
#3996=VECTOR('',#3997,0.406400016339228);
#3997=DIRECTION('',(1.0,0.0,0.0));
#3988=ORIENTED_EDGE('',*,*,#3989,.F.);
#3999=EDGE_CURVE('',#3951,#3990,#4004,.T.);
#4004=LINE('',#3952,#4006);
#4006=VECTOR('',#4007,0.175976362048998);
#4007=DIRECTION('',(-0.577,0.577,-0.577));
#3998=ORIENTED_EDGE('',*,*,#3999,.F.);
#4008=ORIENTED_EDGE('',*,*,#3950,.T.);
#4019=EDGE_CURVE('',#3992,#3941,#4024,.T.);
#4024=LINE('',#3993,#4026);
#4026=VECTOR('',#4027,0.175976362048998);
#4027=DIRECTION('',(-0.577,-0.577,0.577));
#4018=ORIENTED_EDGE('',*,*,#4019,.F.);
#4028=STYLED_ITEM('',(#34),#4029);
#4029=ADVANCED_FACE('',(#4035),#4030,.T.);
#4030=PLANE('',#4031);
#4031=AXIS2_PLACEMENT_3D('',#4032,#4033,#4034);
#4032=CARTESIAN_POINT('',(1.067,1.219,4.216));
#4033=DIRECTION('',(-0.707,0.0,0.707));
#4034=DIRECTION('',(0.,0.,1.));
#4035=FACE_OUTER_BOUND('',#4036,.T.);
#4036=EDGE_LOOP('',(#4037,#4047,#4057,#4067));
#4040=CARTESIAN_POINT('',(1.067,0.813,4.216));
#4039=VERTEX_POINT('',#4040);
#4038=EDGE_CURVE('',#4039,#3990,#4043,.T.);
#4043=LINE('',#4040,#4045);
#4045=VECTOR('',#4046,0.406399994550218);
#4046=DIRECTION('',(0.0,1.0,0.0));
#4037=ORIENTED_EDGE('',*,*,#4038,.F.);
#4048=EDGE_CURVE('',#3961,#4039,#4053,.T.);
#4053=LINE('',#3962,#4055);
#4055=VECTOR('',#4056,0.175976362048998);
#4056=DIRECTION('',(-0.577,-0.577,-0.577));
#4047=ORIENTED_EDGE('',*,*,#4048,.F.);
#4057=ORIENTED_EDGE('',*,*,#3960,.T.);
#4067=ORIENTED_EDGE('',*,*,#3999,.T.);
#4077=STYLED_ITEM('',(#34),#4078);
#4078=ADVANCED_FACE('',(#4084),#4079,.T.);
#4079=PLANE('',#4080);
#4080=AXIS2_PLACEMENT_3D('',#4081,#4082,#4083);
#4081=CARTESIAN_POINT('',(1.067,0.813,4.216));
#4082=DIRECTION('',(0.0,-0.707,0.707));
#4083=DIRECTION('',(0.,0.,1.));
#4084=FACE_OUTER_BOUND('',#4085,.T.);
#4085=EDGE_LOOP('',(#4086,#4096,#4106,#4116));
#4089=CARTESIAN_POINT('',(1.473,0.813,4.216));
#4088=VERTEX_POINT('',#4089);
#4087=EDGE_CURVE('',#4088,#4039,#4092,.T.);
#4092=LINE('',#4089,#4094);
#4094=VECTOR('',#4095,0.406399994560336);
#4095=DIRECTION('',(-1.0,0.0,0.0));
#4086=ORIENTED_EDGE('',*,*,#4087,.F.);
#4097=EDGE_CURVE('',#3943,#4088,#4102,.T.);
#4102=LINE('',#3944,#4104);
#4104=VECTOR('',#4105,0.175976362048998);
#4105=DIRECTION('',(0.577,-0.577,-0.577));
#4096=ORIENTED_EDGE('',*,*,#4097,.F.);
#4106=ORIENTED_EDGE('',*,*,#3970,.T.);
#4116=ORIENTED_EDGE('',*,*,#4048,.T.);
#4126=STYLED_ITEM('',(#34),#4127);
#4127=ADVANCED_FACE('',(#4133),#4128,.T.);
#4128=PLANE('',#4129);
#4129=AXIS2_PLACEMENT_3D('',#4130,#4131,#4132);
#4130=CARTESIAN_POINT('',(1.473,0.813,4.216));
#4131=DIRECTION('',(0.707,0.0,0.707));
#4132=DIRECTION('',(0.,0.,1.));
#4133=FACE_OUTER_BOUND('',#4134,.T.);
#4134=EDGE_LOOP('',(#4135,#4145,#4155,#4165));
#4136=EDGE_CURVE('',#3992,#4088,#4141,.T.);
#4141=LINE('',#3993,#4143);
#4143=VECTOR('',#4144,0.406399994550218);
#4144=DIRECTION('',(0.0,-1.0,0.0));
#4135=ORIENTED_EDGE('',*,*,#4136,.F.);
#4145=ORIENTED_EDGE('',*,*,#4019,.T.);
#4155=ORIENTED_EDGE('',*,*,#3940,.T.);
#4165=ORIENTED_EDGE('',*,*,#4097,.T.);
#4175=STYLED_ITEM('',(#34),#4176);
#4176=ADVANCED_FACE('',(#4182),#4177,.T.);
#4177=PLANE('',#4178);
#4178=AXIS2_PLACEMENT_3D('',#4179,#4180,#4181);
#4179=CARTESIAN_POINT('',(1.473,1.219,1.88));
#4180=DIRECTION('',(0.0,1.0,0.0));
#4181=DIRECTION('',(0.,0.,1.));
#4182=FACE_OUTER_BOUND('',#4183,.T.);
#4183=EDGE_LOOP('',(#4184,#4194,#4204,#4214));
#4187=CARTESIAN_POINT('',(1.067,1.219,1.88));
#4186=VERTEX_POINT('',#4187);
#4189=CARTESIAN_POINT('',(1.473,1.219,1.88));
#4188=VERTEX_POINT('',#4189);
#4185=EDGE_CURVE('',#4186,#4188,#4190,.T.);
#4190=LINE('',#4187,#4192);
#4192=VECTOR('',#4193,0.406400016339228);
#4193=DIRECTION('',(1.0,0.0,0.0));
#4184=ORIENTED_EDGE('',*,*,#4185,.F.);
#4195=EDGE_CURVE('',#3990,#4186,#4200,.T.);
#4200=LINE('',#3991,#4202);
#4202=VECTOR('',#4203,2.3368254);
#4203=DIRECTION('',(0.0,0.0,-1.0));
#4194=ORIENTED_EDGE('',*,*,#4195,.F.);
#4204=ORIENTED_EDGE('',*,*,#3989,.T.);
#4215=EDGE_CURVE('',#4188,#3992,#4220,.T.);
#4220=LINE('',#4189,#4222);
#4222=VECTOR('',#4223,2.3368254);
#4223=DIRECTION('',(0.0,0.0,1.0));
#4214=ORIENTED_EDGE('',*,*,#4215,.F.);
#4224=STYLED_ITEM('',(#34),#4225);
#4225=ADVANCED_FACE('',(#4231),#4226,.T.);
#4226=PLANE('',#4227);
#4227=AXIS2_PLACEMENT_3D('',#4228,#4229,#4230);
#4228=CARTESIAN_POINT('',(1.067,1.219,1.88));
#4229=DIRECTION('',(-1.0,0.0,0.0));
#4230=DIRECTION('',(0.,0.,1.));
#4231=FACE_OUTER_BOUND('',#4232,.T.);
#4232=EDGE_LOOP('',(#4233,#4243,#4253,#4263));
#4236=CARTESIAN_POINT('',(1.067,0.813,1.88));
#4235=VERTEX_POINT('',#4236);
#4234=EDGE_CURVE('',#4235,#4186,#4239,.T.);
#4239=LINE('',#4236,#4241);
#4241=VECTOR('',#4242,0.406399994550218);
#4242=DIRECTION('',(0.0,1.0,0.0));
#4233=ORIENTED_EDGE('',*,*,#4234,.F.);
#4244=EDGE_CURVE('',#4039,#4235,#4249,.T.);
#4249=LINE('',#4040,#4251);
#4251=VECTOR('',#4252,2.3368254);
#4252=DIRECTION('',(0.0,0.0,-1.0));
#4243=ORIENTED_EDGE('',*,*,#4244,.F.);
#4253=ORIENTED_EDGE('',*,*,#4038,.T.);
#4263=ORIENTED_EDGE('',*,*,#4195,.T.);
#4273=STYLED_ITEM('',(#34),#4274);
#4274=ADVANCED_FACE('',(#4280),#4275,.T.);
#4275=PLANE('',#4276);
#4276=AXIS2_PLACEMENT_3D('',#4277,#4278,#4279);
#4277=CARTESIAN_POINT('',(1.067,0.813,1.88));
#4278=DIRECTION('',(0.0,-1.0,0.0));
#4279=DIRECTION('',(0.,0.,1.));
#4280=FACE_OUTER_BOUND('',#4281,.T.);
#4281=EDGE_LOOP('',(#4282,#4292,#4302,#4312));
#4285=CARTESIAN_POINT('',(1.473,0.813,1.88));
#4284=VERTEX_POINT('',#4285);
#4283=EDGE_CURVE('',#4284,#4235,#4288,.T.);
#4288=LINE('',#4285,#4290);
#4290=VECTOR('',#4291,0.406399994560336);
#4291=DIRECTION('',(-1.0,0.0,0.0));
#4282=ORIENTED_EDGE('',*,*,#4283,.F.);
#4293=EDGE_CURVE('',#4088,#4284,#4298,.T.);
#4298=LINE('',#4089,#4300);
#4300=VECTOR('',#4301,2.3368254);
#4301=DIRECTION('',(0.0,0.0,-1.0));
#4292=ORIENTED_EDGE('',*,*,#4293,.F.);
#4302=ORIENTED_EDGE('',*,*,#4087,.T.);
#4312=ORIENTED_EDGE('',*,*,#4244,.T.);
#4322=STYLED_ITEM('',(#34),#4323);
#4323=ADVANCED_FACE('',(#4329),#4324,.T.);
#4324=PLANE('',#4325);
#4325=AXIS2_PLACEMENT_3D('',#4326,#4327,#4328);
#4326=CARTESIAN_POINT('',(1.473,0.813,1.88));
#4327=DIRECTION('',(1.0,0.0,0.0));
#4328=DIRECTION('',(0.,0.,1.));
#4329=FACE_OUTER_BOUND('',#4330,.T.);
#4330=EDGE_LOOP('',(#4331,#4341,#4351,#4361));
#4332=EDGE_CURVE('',#4188,#4284,#4337,.T.);
#4337=LINE('',#4189,#4339);
#4339=VECTOR('',#4340,0.406399994550218);
#4340=DIRECTION('',(0.0,-1.0,0.0));
#4331=ORIENTED_EDGE('',*,*,#4332,.F.);
#4341=ORIENTED_EDGE('',*,*,#4215,.T.);
#4351=ORIENTED_EDGE('',*,*,#4136,.T.);
#4361=ORIENTED_EDGE('',*,*,#4293,.T.);
#4371=STYLED_ITEM('',(#34),#4372);
#4372=ADVANCED_FACE('',(#4378),#4373,.T.);
#4373=PLANE('',#4374);
#4374=AXIS2_PLACEMENT_3D('',#4375,#4376,#4377);
#4375=CARTESIAN_POINT('',(1.067,0.813,1.88));
#4376=DIRECTION('',(0.0,0.0,-1.0));
#4377=DIRECTION('',(0.,1.,0.));
#4378=FACE_OUTER_BOUND('',#4379,.T.);
#4379=EDGE_LOOP('',(#4380,#4390,#4400,#4410));
#4380=ORIENTED_EDGE('',*,*,#4234,.T.);
#4390=ORIENTED_EDGE('',*,*,#4185,.T.);
#4400=ORIENTED_EDGE('',*,*,#4332,.T.);
#4410=ORIENTED_EDGE('',*,*,#4283,.T.);
#4420=STYLED_ITEM('',(#34),#4421);
#4421=ADVANCED_FACE('',(#4427),#4422,.T.);
#4422=PLANE('',#4423);
#4423=AXIS2_PLACEMENT_3D('',#4424,#4425,#4426);
#4424=CARTESIAN_POINT('',(1.473,0.813,0.61));
#4425=DIRECTION('',(0.0,0.0,1.0));
#4426=DIRECTION('',(0.,1.,0.));
#4427=FACE_OUTER_BOUND('',#4428,.T.);
#4428=EDGE_LOOP('',(#4429,#4439,#4449,#4459));
#4432=CARTESIAN_POINT('',(1.473,1.219,0.61));
#4431=VERTEX_POINT('',#4432);
#4434=CARTESIAN_POINT('',(1.473,0.813,0.61));
#4433=VERTEX_POINT('',#4434);
#4430=EDGE_CURVE('',#4431,#4433,#4435,.T.);
#4435=LINE('',#4432,#4437);
#4437=VECTOR('',#4438,0.406399994550218);
#4438=DIRECTION('',(0.0,-1.0,0.0));
#4429=ORIENTED_EDGE('',*,*,#4430,.F.);
#4442=CARTESIAN_POINT('',(1.067,1.219,0.61));
#4441=VERTEX_POINT('',#4442);
#4440=EDGE_CURVE('',#4441,#4431,#4445,.T.);
#4445=LINE('',#4442,#4447);
#4447=VECTOR('',#4448,0.406400016339228);
#4448=DIRECTION('',(1.0,0.0,0.0));
#4439=ORIENTED_EDGE('',*,*,#4440,.F.);
#4452=CARTESIAN_POINT('',(1.067,0.813,0.61));
#4451=VERTEX_POINT('',#4452);
#4450=EDGE_CURVE('',#4451,#4441,#4455,.T.);
#4455=LINE('',#4452,#4457);
#4457=VECTOR('',#4458,0.406399994550218);
#4458=DIRECTION('',(0.0,1.0,0.0));
#4449=ORIENTED_EDGE('',*,*,#4450,.F.);
#4460=EDGE_CURVE('',#4433,#4451,#4465,.T.);
#4465=LINE('',#4434,#4467);
#4467=VECTOR('',#4468,0.406399994560336);
#4468=DIRECTION('',(-1.0,0.0,0.0));
#4459=ORIENTED_EDGE('',*,*,#4460,.F.);
#4469=STYLED_ITEM('',(#34),#4470);
#4470=ADVANCED_FACE('',(#4476),#4471,.T.);
#4471=PLANE('',#4472);
#4472=AXIS2_PLACEMENT_3D('',#4473,#4474,#4475);
#4473=CARTESIAN_POINT('',(1.473,1.219,0.508));
#4474=DIRECTION('',(0.0,1.0,0.0));
#4475=DIRECTION('',(0.,0.,1.));
#4476=FACE_OUTER_BOUND('',#4477,.T.);
#4477=EDGE_LOOP('',(#4478,#4488,#4498,#4508));
#4481=CARTESIAN_POINT('',(1.067,1.219,0.508));
#4480=VERTEX_POINT('',#4481);
#4483=CARTESIAN_POINT('',(1.473,1.219,0.508));
#4482=VERTEX_POINT('',#4483);
#4479=EDGE_CURVE('',#4480,#4482,#4484,.T.);
#4484=LINE('',#4481,#4486);
#4486=VECTOR('',#4487,0.406400016339228);
#4487=DIRECTION('',(1.0,0.0,0.0));
#4478=ORIENTED_EDGE('',*,*,#4479,.F.);
#4489=EDGE_CURVE('',#4441,#4480,#4494,.T.);
#4494=LINE('',#4442,#4496);
#4496=VECTOR('',#4497,0.10159365);
#4497=DIRECTION('',(0.0,0.0,-1.0));
#4488=ORIENTED_EDGE('',*,*,#4489,.F.);
#4498=ORIENTED_EDGE('',*,*,#4440,.T.);
#4509=EDGE_CURVE('',#4482,#4431,#4514,.T.);
#4514=LINE('',#4483,#4516);
#4516=VECTOR('',#4517,0.10159365);
#4517=DIRECTION('',(0.0,0.0,1.0));
#4508=ORIENTED_EDGE('',*,*,#4509,.F.);
#4518=STYLED_ITEM('',(#34),#4519);
#4519=ADVANCED_FACE('',(#4525),#4520,.T.);
#4520=PLANE('',#4521);
#4521=AXIS2_PLACEMENT_3D('',#4522,#4523,#4524);
#4522=CARTESIAN_POINT('',(1.067,0.813,0.508));
#4523=DIRECTION('',(0.0,-1.0,0.0));
#4524=DIRECTION('',(0.,0.,1.));
#4525=FACE_OUTER_BOUND('',#4526,.T.);
#4526=EDGE_LOOP('',(#4527,#4537,#4547,#4557));
#4530=CARTESIAN_POINT('',(1.473,0.813,0.508));
#4529=VERTEX_POINT('',#4530);
#4532=CARTESIAN_POINT('',(1.067,0.813,0.508));
#4531=VERTEX_POINT('',#4532);
#4528=EDGE_CURVE('',#4529,#4531,#4533,.T.);
#4533=LINE('',#4530,#4535);
#4535=VECTOR('',#4536,0.406399994560336);
#4536=DIRECTION('',(-1.0,0.0,0.0));
#4527=ORIENTED_EDGE('',*,*,#4528,.F.);
#4538=EDGE_CURVE('',#4433,#4529,#4543,.T.);
#4543=LINE('',#4434,#4545);
#4545=VECTOR('',#4546,0.10159365);
#4546=DIRECTION('',(0.0,0.0,-1.0));
#4537=ORIENTED_EDGE('',*,*,#4538,.F.);
#4547=ORIENTED_EDGE('',*,*,#4460,.T.);
#4558=EDGE_CURVE('',#4531,#4451,#4563,.T.);
#4563=LINE('',#4532,#4565);
#4565=VECTOR('',#4566,0.10159365);
#4566=DIRECTION('',(0.0,0.0,1.0));
#4557=ORIENTED_EDGE('',*,*,#4558,.F.);
#4567=STYLED_ITEM('',(#34),#4568);
#4568=ADVANCED_FACE('',(#4574),#4569,.T.);
#4569=PLANE('',#4570);
#4570=AXIS2_PLACEMENT_3D('',#4571,#4572,#4573);
#4571=CARTESIAN_POINT('',(1.473,1.321,0.406));
#4572=DIRECTION('',(0.0,0.0,1.0));
#4573=DIRECTION('',(0.,1.,0.));
#4574=FACE_OUTER_BOUND('',#4575,.T.);
#4575=EDGE_LOOP('',(#4576,#4586,#4596,#4606));
#4579=CARTESIAN_POINT('',(1.473,3.023,0.406));
#4578=VERTEX_POINT('',#4579);
#4581=CARTESIAN_POINT('',(1.473,1.321,0.406));
#4580=VERTEX_POINT('',#4581);
#4577=EDGE_CURVE('',#4578,#4580,#4582,.T.);
#4582=LINE('',#4579,#4584);
#4584=VECTOR('',#4585,1.70180634831321);
#4585=DIRECTION('',(0.0,-1.0,0.0));
#4576=ORIENTED_EDGE('',*,*,#4577,.F.);
#4589=CARTESIAN_POINT('',(1.067,3.023,0.406));
#4588=VERTEX_POINT('',#4589);
#4587=EDGE_CURVE('',#4588,#4578,#4592,.T.);
#4592=LINE('',#4589,#4594);
#4594=VECTOR('',#4595,0.406400208164092);
#4595=DIRECTION('',(1.0,0.0,0.0));
#4586=ORIENTED_EDGE('',*,*,#4587,.F.);
#4599=CARTESIAN_POINT('',(1.067,1.321,0.406));
#4598=VERTEX_POINT('',#4599);
#4597=EDGE_CURVE('',#4598,#4588,#4602,.T.);
#4602=LINE('',#4599,#4604);
#4604=VECTOR('',#4605,1.70180634831321);
#4605=DIRECTION('',(0.0,1.0,0.0));
#4596=ORIENTED_EDGE('',*,*,#4597,.F.);
#4607=EDGE_CURVE('',#4580,#4598,#4612,.T.);
#4612=LINE('',#4581,#4614);
#4614=VECTOR('',#4615,0.406400026558929);
#4615=DIRECTION('',(-1.0,0.0,0.0));
#4606=ORIENTED_EDGE('',*,*,#4607,.F.);
#4665=STYLED_ITEM('',(#34),#4666);
#4666=ADVANCED_FACE('',(#4672),#4667,.T.);
#4667=PLANE('',#4668);
#4668=AXIS2_PLACEMENT_3D('',#4669,#4670,#4671);
#4669=CARTESIAN_POINT('',(1.067,1.321,0.0));
#4670=DIRECTION('',(0.0,0.0,-1.0));
#4671=DIRECTION('',(0.,1.,0.));
#4672=FACE_OUTER_BOUND('',#4673,.T.);
#4673=EDGE_LOOP('',(#4674,#4684,#4694,#4704));
#4677=CARTESIAN_POINT('',(1.067,3.023,0.0));
#4676=VERTEX_POINT('',#4677);
#4679=CARTESIAN_POINT('',(1.067,1.321,0.0));
#4678=VERTEX_POINT('',#4679);
#4675=EDGE_CURVE('',#4676,#4678,#4680,.T.);
#4680=LINE('',#4677,#4682);
#4682=VECTOR('',#4683,1.70180634831321);
#4683=DIRECTION('',(0.0,-1.0,0.0));
#4674=ORIENTED_EDGE('',*,*,#4675,.F.);
#4687=CARTESIAN_POINT('',(1.473,3.023,0.0));
#4686=VERTEX_POINT('',#4687);
#4685=EDGE_CURVE('',#4686,#4676,#4690,.T.);
#4690=LINE('',#4687,#4692);
#4692=VECTOR('',#4693,0.406400208164092);
#4693=DIRECTION('',(-1.0,0.0,0.0));
#4684=ORIENTED_EDGE('',*,*,#4685,.F.);
#4697=CARTESIAN_POINT('',(1.473,1.321,0.0));
#4696=VERTEX_POINT('',#4697);
#4695=EDGE_CURVE('',#4696,#4686,#4700,.T.);
#4700=LINE('',#4697,#4702);
#4702=VECTOR('',#4703,1.70180634831321);
#4703=DIRECTION('',(0.0,1.0,0.0));
#4694=ORIENTED_EDGE('',*,*,#4695,.F.);
#4705=EDGE_CURVE('',#4678,#4696,#4710,.T.);
#4710=LINE('',#4679,#4712);
#4712=VECTOR('',#4713,0.406400026558929);
#4713=DIRECTION('',(1.0,0.0,0.0));
#4704=ORIENTED_EDGE('',*,*,#4705,.F.);
#4763=STYLED_ITEM('',(#34),#4764);
#4764=ADVANCED_FACE('',(#4770),#4765,.T.);
#4765=PLANE('',#4766);
#4766=AXIS2_PLACEMENT_3D('',#4767,#4768,#4769);
#4767=CARTESIAN_POINT('',(1.372,3.124,0.305));
#4768=DIRECTION('',(0.0,0.707,0.707));
#4769=DIRECTION('',(0.,0.,1.));
#4770=FACE_OUTER_BOUND('',#4771,.T.);
#4771=EDGE_LOOP('',(#4772,#4782,#4792,#4802));
#4775=CARTESIAN_POINT('',(1.168,3.124,0.305));
#4774=VERTEX_POINT('',#4775);
#4777=CARTESIAN_POINT('',(1.372,3.124,0.305));
#4776=VERTEX_POINT('',#4777);
#4773=EDGE_CURVE('',#4774,#4776,#4778,.T.);
#4778=LINE('',#4775,#4780);
#4780=VECTOR('',#4781,0.203200222495683);
#4781=DIRECTION('',(1.0,0.0,0.0));
#4772=ORIENTED_EDGE('',*,*,#4773,.F.);
#4783=EDGE_CURVE('',#4588,#4774,#4788,.T.);
#4788=LINE('',#4589,#4790);
#4790=VECTOR('',#4791,0.175976360901697);
#4791=DIRECTION('',(0.577,0.577,-0.577));
#4782=ORIENTED_EDGE('',*,*,#4783,.F.);
#4792=ORIENTED_EDGE('',*,*,#4587,.T.);
#4803=EDGE_CURVE('',#4776,#4578,#4808,.T.);
#4808=LINE('',#4777,#4810);
#4810=VECTOR('',#4811,0.175976360901697);
#4811=DIRECTION('',(0.577,-0.577,0.577));
#4802=ORIENTED_EDGE('',*,*,#4803,.F.);
#4812=STYLED_ITEM('',(#34),#4813);
#4813=ADVANCED_FACE('',(#4819),#4814,.T.);
#4814=PLANE('',#4815);
#4815=AXIS2_PLACEMENT_3D('',#4816,#4817,#4818);
#4816=CARTESIAN_POINT('',(1.473,3.023,0.0));
#4817=DIRECTION('',(0.707,0.707,0.0));
#4818=DIRECTION('',(0.,0.,1.));
#4819=FACE_OUTER_BOUND('',#4820,.T.);
#4820=EDGE_LOOP('',(#4821,#4831,#4841,#4851));
#4824=CARTESIAN_POINT('',(1.372,3.124,0.102));
#4823=VERTEX_POINT('',#4824);
#4822=EDGE_CURVE('',#4823,#4686,#4827,.T.);
#4827=LINE('',#4824,#4829);
#4829=VECTOR('',#4830,0.175976360901697);
#4830=DIRECTION('',(0.577,-0.577,-0.577));
#4821=ORIENTED_EDGE('',*,*,#4822,.F.);
#4832=EDGE_CURVE('',#4776,#4823,#4837,.T.);
#4837=LINE('',#4777,#4839);
#4839=VECTOR('',#4840,0.2032);
#4840=DIRECTION('',(0.0,0.0,-1.0));
#4831=ORIENTED_EDGE('',*,*,#4832,.F.);
#4841=ORIENTED_EDGE('',*,*,#4803,.T.);
#4852=EDGE_CURVE('',#4686,#4578,#4857,.T.);
#4857=LINE('',#4687,#4859);
#4859=VECTOR('',#4860,0.4064);
#4860=DIRECTION('',(0.0,0.0,1.0));
#4851=ORIENTED_EDGE('',*,*,#4852,.F.);
#4861=STYLED_ITEM('',(#34),#4862);
#4862=ADVANCED_FACE('',(#4868),#4863,.T.);
#4863=PLANE('',#4864);
#4864=AXIS2_PLACEMENT_3D('',#4865,#4866,#4867);
#4865=CARTESIAN_POINT('',(1.473,3.023,0.0));
#4866=DIRECTION('',(0.0,0.707,-0.707));
#4867=DIRECTION('',(0.,0.,1.));
#4868=FACE_OUTER_BOUND('',#4869,.T.);
#4869=EDGE_LOOP('',(#4870,#4880,#4890,#4900));
#4870=ORIENTED_EDGE('',*,*,#4685,.T.);
#4883=CARTESIAN_POINT('',(1.168,3.124,0.102));
#4882=VERTEX_POINT('',#4883);
#4881=EDGE_CURVE('',#4882,#4676,#4886,.T.);
#4886=LINE('',#4883,#4888);
#4888=VECTOR('',#4889,0.175976360901697);
#4889=DIRECTION('',(-0.577,-0.577,-0.577));
#4880=ORIENTED_EDGE('',*,*,#4881,.F.);
#4891=EDGE_CURVE('',#4823,#4882,#4896,.T.);
#4896=LINE('',#4824,#4898);
#4898=VECTOR('',#4899,0.203200222495683);
#4899=DIRECTION('',(-1.0,0.0,0.0));
#4890=ORIENTED_EDGE('',*,*,#4891,.F.);
#4900=ORIENTED_EDGE('',*,*,#4822,.T.);
#4910=STYLED_ITEM('',(#34),#4911);
#4911=ADVANCED_FACE('',(#4917),#4912,.T.);
#4912=PLANE('',#4913);
#4913=AXIS2_PLACEMENT_3D('',#4914,#4915,#4916);
#4914=CARTESIAN_POINT('',(1.168,3.124,0.102));
#4915=DIRECTION('',(-0.707,0.707,0.0));
#4916=DIRECTION('',(0.,0.,1.));
#4917=FACE_OUTER_BOUND('',#4918,.T.);
#4918=EDGE_LOOP('',(#4919,#4929,#4939,#4949));
#4919=ORIENTED_EDGE('',*,*,#4881,.T.);
#4930=EDGE_CURVE('',#4588,#4676,#4935,.T.);
#4935=LINE('',#4589,#4937);
#4937=VECTOR('',#4938,0.4064);
#4938=DIRECTION('',(0.0,0.0,-1.0));
#4929=ORIENTED_EDGE('',*,*,#4930,.F.);
#4939=ORIENTED_EDGE('',*,*,#4783,.T.);
#4950=EDGE_CURVE('',#4882,#4774,#4955,.T.);
#4955=LINE('',#4883,#4957);
#4957=VECTOR('',#4958,0.2032);
#4958=DIRECTION('',(0.0,0.0,1.0));
#4949=ORIENTED_EDGE('',*,*,#4950,.F.);
#4959=STYLED_ITEM('',(#34),#4960);
#4960=ADVANCED_FACE('',(#4966),#4961,.T.);
#4961=PLANE('',#4962);
#4962=AXIS2_PLACEMENT_3D('',#4963,#4964,#4965);
#4963=CARTESIAN_POINT('',(1.372,3.124,0.102));
#4964=DIRECTION('',(0.0,1.0,0.0));
#4965=DIRECTION('',(0.,0.,1.));
#4966=FACE_OUTER_BOUND('',#4967,.T.);
#4967=EDGE_LOOP('',(#4968,#4978,#4988,#4998));
#4968=ORIENTED_EDGE('',*,*,#4891,.T.);
#4978=ORIENTED_EDGE('',*,*,#4950,.T.);
#4988=ORIENTED_EDGE('',*,*,#4773,.T.);
#4998=ORIENTED_EDGE('',*,*,#4832,.T.);
#5008=STYLED_ITEM($,(#34),#5009);
#5009=ADVANCED_FACE($,(#5015),#5010,.F.);
#5010=CYLINDRICAL_SURFACE($,#5011,0.10159365);
#5011=AXIS2_PLACEMENT_3D($,#5012,#5013,#5014);
#5012=CARTESIAN_POINT('',(1.473,1.321,0.508));
#5013=DIRECTION('',(1.0,0.0,0.0));
#5014=DIRECTION('',(0.,0.,1.));
#5015=FACE_OUTER_BOUND($,#5016,.T.);
#5016=EDGE_LOOP($,(#5028,#5038,#5049,#5017));
#5028=ORIENTED_EDGE('',*,*,#4607,.T.);
#5039=EDGE_CURVE($,#4480,#4598,#5044,.T.);
#5044=CIRCLE($,#5045,0.10159365);
#5046=CARTESIAN_POINT('',(1.067,1.321,0.508));
#5045=AXIS2_PLACEMENT_3D($,#5046,#5047,#5048);
#5047=DIRECTION('',(1.0,0.0,0.0));
#5048=DIRECTION('',(0.0,0.707,-0.707));
#5038=ORIENTED_EDGE('',*,*,#5039,.F.);
#5049=ORIENTED_EDGE('',*,*,#4479,.T.);
#5018=EDGE_CURVE($,#4580,#4482,#5023,.T.);
#5023=CIRCLE($,#5024,0.10159365);
#5025=CARTESIAN_POINT('',(1.473,1.321,0.508));
#5024=AXIS2_PLACEMENT_3D($,#5025,#5026,#5027);
#5026=DIRECTION('',(-1.0,0.0,0.0));
#5027=DIRECTION('',(0.0,-0.707,0.707));
#5017=ORIENTED_EDGE('',*,*,#5018,.F.);
#5059=STYLED_ITEM($,(#34),#5060);
#5060=ADVANCED_FACE($,(#5066),#5061,.T.);
#5061=CYLINDRICAL_SURFACE($,#5062,0.50799365);
#5062=AXIS2_PLACEMENT_3D($,#5063,#5064,#5065);
#5063=CARTESIAN_POINT('',(1.473,1.321,0.508));
#5064=DIRECTION('',(-1.0,0.0,0.0));
#5065=DIRECTION('',(0.,0.,1.));
#5066=FACE_OUTER_BOUND($,#5067,.T.);
#5067=EDGE_LOOP($,(#5079,#5089,#5100,#5068));
#5079=ORIENTED_EDGE('',*,*,#4705,.T.);
#5090=EDGE_CURVE($,#4529,#4696,#5095,.T.);
#5095=CIRCLE($,#5096,0.50799365);
#5096=AXIS2_PLACEMENT_3D($,#5025,#5098,#5099);
#5098=DIRECTION('',(1.0,0.0,0.0));
#5099=DIRECTION('',(0.0,0.707,-0.707));
#5089=ORIENTED_EDGE('',*,*,#5090,.F.);
#5100=ORIENTED_EDGE('',*,*,#4528,.T.);
#5069=EDGE_CURVE($,#4678,#4531,#5074,.T.);
#5074=CIRCLE($,#5075,0.50799365);
#5075=AXIS2_PLACEMENT_3D($,#5046,#5077,#5078);
#5077=DIRECTION('',(-1.0,0.0,0.0));
#5078=DIRECTION('',(0.0,-0.707,0.707));
#5068=ORIENTED_EDGE('',*,*,#5069,.F.);
#5110=STYLED_ITEM('color',(#34),#5111);
#5111=ADVANCED_FACE($,(#5117),#5112,.T.);
#5112=PLANE($,#5113);
#5113=AXIS2_PLACEMENT_3D($,#5114,#5115,#5116);
#5114=CARTESIAN_POINT('',(1.473,0.813,0.508));
#5115=DIRECTION('',(1.0,0.0,0.0));
#5116=DIRECTION('',(1.,0.,0.));
#5117=FACE_OUTER_BOUND($,#5118,.T.);
#5118=EDGE_LOOP($,(#5121, #5131, #5141, #5151, #5162, #5172, #5182, #5192));
#5121=ORIENTED_EDGE('',*,*,#4509,.T.);
#5131=ORIENTED_EDGE('',*,*,#4430,.T.);
#5141=ORIENTED_EDGE('',*,*,#4538,.T.);
#5151=ORIENTED_EDGE('',*,*,#5090,.T.);
#5162=ORIENTED_EDGE('',*,*,#4695,.T.);
#5172=ORIENTED_EDGE('',*,*,#4852,.T.);
#5182=ORIENTED_EDGE('',*,*,#4577,.T.);
#5192=ORIENTED_EDGE('',*,*,#5018,.T.);
#5203=STYLED_ITEM('color',(#34),#5204);
#5204=ADVANCED_FACE($,(#5210),#5205,.T.);
#5205=PLANE($,#5206);
#5206=AXIS2_PLACEMENT_3D($,#5207,#5208,#5209);
#5207=CARTESIAN_POINT('',(1.067,0.813,0.508));
#5208=DIRECTION('',(-1.0,0.0,0.0));
#5209=DIRECTION('',(-1.,0.,0.));
#5210=FACE_OUTER_BOUND($,#5211,.T.);
#5211=EDGE_LOOP($,(#5214, #5224, #5234, #5244, #5255, #5265, #5275, #5285));
#5214=ORIENTED_EDGE('',*,*,#4558,.T.);
#5224=ORIENTED_EDGE('',*,*,#4450,.T.);
#5234=ORIENTED_EDGE('',*,*,#4489,.T.);
#5244=ORIENTED_EDGE('',*,*,#5039,.T.);
#5255=ORIENTED_EDGE('',*,*,#4597,.T.);
#5265=ORIENTED_EDGE('',*,*,#4930,.T.);
#5275=ORIENTED_EDGE('',*,*,#4675,.T.);
#5285=ORIENTED_EDGE('',*,*,#5069,.T.);
#5296=MANIFOLD_SOLID_BREP($,#5297);
#5297=CLOSED_SHELL('',(#5301,#5350,#5399,#5448,#5497,#5546,#5595,#5644,#5693,#5742));
#5298=MANIFOLD_SOLID_BREP($,#5299);
#5299=CLOSED_SHELL('',(#5791,#5840,#5889,#5938,#6036,#6134,#6183,#6232,#6281,#6330,#6379,#6430,#6481,#6574));
#5300=STYLED_ITEM('',(#34),#5301);
#5301=ADVANCED_FACE('',(#5307),#5302,.T.);
#5302=PLANE('',#5303);
#5303=AXIS2_PLACEMENT_3D('',#5304,#5305,#5306);
#5304=CARTESIAN_POINT('',(0.102,0.914,4.318));
#5305=DIRECTION('',(0.0,0.0,1.0));
#5306=DIRECTION('',(0.,1.,0.));
#5307=FACE_OUTER_BOUND('',#5308,.T.);
#5308=EDGE_LOOP('',(#5309,#5319,#5329,#5339));
#5312=CARTESIAN_POINT('',(0.102,1.118,4.318));
#5311=VERTEX_POINT('',#5312);
#5314=CARTESIAN_POINT('',(0.102,0.914,4.318));
#5313=VERTEX_POINT('',#5314);
#5310=EDGE_CURVE('',#5311,#5313,#5315,.T.);
#5315=LINE('',#5312,#5317);
#5317=VECTOR('',#5318,0.203199997275109);
#5318=DIRECTION('',(0.0,-1.0,0.0));
#5309=ORIENTED_EDGE('',*,*,#5310,.F.);
#5322=CARTESIAN_POINT('',(-0.102,1.118,4.318));
#5321=VERTEX_POINT('',#5322);
#5320=EDGE_CURVE('',#5321,#5311,#5325,.T.);
#5325=LINE('',#5322,#5327);
#5327=VECTOR('',#5328,0.203200008169614);
#5328=DIRECTION('',(1.0,0.0,0.0));
#5319=ORIENTED_EDGE('',*,*,#5320,.F.);
#5332=CARTESIAN_POINT('',(-0.102,0.914,4.318));
#5331=VERTEX_POINT('',#5332);
#5330=EDGE_CURVE('',#5331,#5321,#5335,.T.);
#5335=LINE('',#5332,#5337);
#5337=VECTOR('',#5338,0.203199997275109);
#5338=DIRECTION('',(0.0,1.0,0.0));
#5329=ORIENTED_EDGE('',*,*,#5330,.F.);
#5340=EDGE_CURVE('',#5313,#5331,#5345,.T.);
#5345=LINE('',#5314,#5347);
#5347=VECTOR('',#5348,0.203199997280168);
#5348=DIRECTION('',(-1.0,0.0,0.0));
#5339=ORIENTED_EDGE('',*,*,#5340,.F.);
#5349=STYLED_ITEM('',(#34),#5350);
#5350=ADVANCED_FACE('',(#5356),#5351,.T.);
#5351=PLANE('',#5352);
#5352=AXIS2_PLACEMENT_3D('',#5353,#5354,#5355);
#5353=CARTESIAN_POINT('',(0.203,1.219,4.216));
#5354=DIRECTION('',(0.0,0.707,0.707));
#5355=DIRECTION('',(0.,0.,1.));
#5356=FACE_OUTER_BOUND('',#5357,.T.);
#5357=EDGE_LOOP('',(#5358,#5368,#5378,#5388));
#5361=CARTESIAN_POINT('',(-0.203,1.219,4.216));
#5360=VERTEX_POINT('',#5361);
#5363=CARTESIAN_POINT('',(0.203,1.219,4.216));
#5362=VERTEX_POINT('',#5363);
#5359=EDGE_CURVE('',#5360,#5362,#5364,.T.);
#5364=LINE('',#5361,#5366);
#5366=VECTOR('',#5367,0.406400016339228);
#5367=DIRECTION('',(1.0,0.0,0.0));
#5358=ORIENTED_EDGE('',*,*,#5359,.F.);
#5369=EDGE_CURVE('',#5321,#5360,#5374,.T.);
#5374=LINE('',#5322,#5376);
#5376=VECTOR('',#5377,0.175976362048998);
#5377=DIRECTION('',(-0.577,0.577,-0.577));
#5368=ORIENTED_EDGE('',*,*,#5369,.F.);
#5378=ORIENTED_EDGE('',*,*,#5320,.T.);
#5389=EDGE_CURVE('',#5362,#5311,#5394,.T.);
#5394=LINE('',#5363,#5396);
#5396=VECTOR('',#5397,0.175976362048998);
#5397=DIRECTION('',(-0.577,-0.577,0.577));
#5388=ORIENTED_EDGE('',*,*,#5389,.F.);
#5398=STYLED_ITEM('',(#34),#5399);
#5399=ADVANCED_FACE('',(#5405),#5400,.T.);
#5400=PLANE('',#5401);
#5401=AXIS2_PLACEMENT_3D('',#5402,#5403,#5404);
#5402=CARTESIAN_POINT('',(-0.203,1.219,4.216));
#5403=DIRECTION('',(-0.707,0.0,0.707));
#5404=DIRECTION('',(0.,0.,1.));
#5405=FACE_OUTER_BOUND('',#5406,.T.);
#5406=EDGE_LOOP('',(#5407,#5417,#5427,#5437));
#5410=CARTESIAN_POINT('',(-0.203,0.813,4.216));
#5409=VERTEX_POINT('',#5410);
#5408=EDGE_CURVE('',#5409,#5360,#5413,.T.);
#5413=LINE('',#5410,#5415);
#5415=VECTOR('',#5416,0.406399994550218);
#5416=DIRECTION('',(0.0,1.0,0.0));
#5407=ORIENTED_EDGE('',*,*,#5408,.F.);
#5418=EDGE_CURVE('',#5331,#5409,#5423,.T.);
#5423=LINE('',#5332,#5425);
#5425=VECTOR('',#5426,0.175976362048998);
#5426=DIRECTION('',(-0.577,-0.577,-0.577));
#5417=ORIENTED_EDGE('',*,*,#5418,.F.);
#5427=ORIENTED_EDGE('',*,*,#5330,.T.);
#5437=ORIENTED_EDGE('',*,*,#5369,.T.);
#5447=STYLED_ITEM('',(#34),#5448);
#5448=ADVANCED_FACE('',(#5454),#5449,.T.);
#5449=PLANE('',#5450);
#5450=AXIS2_PLACEMENT_3D('',#5451,#5452,#5453);
#5451=CARTESIAN_POINT('',(-0.203,0.813,4.216));
#5452=DIRECTION('',(0.0,-0.707,0.707));
#5453=DIRECTION('',(0.,0.,1.));
#5454=FACE_OUTER_BOUND('',#5455,.T.);
#5455=EDGE_LOOP('',(#5456,#5466,#5476,#5486));
#5459=CARTESIAN_POINT('',(0.203,0.813,4.216));
#5458=VERTEX_POINT('',#5459);
#5457=EDGE_CURVE('',#5458,#5409,#5462,.T.);
#5462=LINE('',#5459,#5464);
#5464=VECTOR('',#5465,0.406399994560336);
#5465=DIRECTION('',(-1.0,0.0,0.0));
#5456=ORIENTED_EDGE('',*,*,#5457,.F.);
#5467=EDGE_CURVE('',#5313,#5458,#5472,.T.);
#5472=LINE('',#5314,#5474);
#5474=VECTOR('',#5475,0.175976362048998);
#5475=DIRECTION('',(0.577,-0.577,-0.577));
#5466=ORIENTED_EDGE('',*,*,#5467,.F.);
#5476=ORIENTED_EDGE('',*,*,#5340,.T.);
#5486=ORIENTED_EDGE('',*,*,#5418,.T.);
#5496=STYLED_ITEM('',(#34),#5497);
#5497=ADVANCED_FACE('',(#5503),#5498,.T.);
#5498=PLANE('',#5499);
#5499=AXIS2_PLACEMENT_3D('',#5500,#5501,#5502);
#5500=CARTESIAN_POINT('',(0.203,0.813,4.216));
#5501=DIRECTION('',(0.707,0.0,0.707));
#5502=DIRECTION('',(0.,0.,1.));
#5503=FACE_OUTER_BOUND('',#5504,.T.);
#5504=EDGE_LOOP('',(#5505,#5515,#5525,#5535));
#5506=EDGE_CURVE('',#5362,#5458,#5511,.T.);
#5511=LINE('',#5363,#5513);
#5513=VECTOR('',#5514,0.406399994550218);
#5514=DIRECTION('',(0.0,-1.0,0.0));
#5505=ORIENTED_EDGE('',*,*,#5506,.F.);
#5515=ORIENTED_EDGE('',*,*,#5389,.T.);
#5525=ORIENTED_EDGE('',*,*,#5310,.T.);
#5535=ORIENTED_EDGE('',*,*,#5467,.T.);
#5545=STYLED_ITEM('',(#34),#5546);
#5546=ADVANCED_FACE('',(#5552),#5547,.T.);
#5547=PLANE('',#5548);
#5548=AXIS2_PLACEMENT_3D('',#5549,#5550,#5551);
#5549=CARTESIAN_POINT('',(0.203,1.219,1.88));
#5550=DIRECTION('',(0.0,1.0,0.0));
#5551=DIRECTION('',(0.,0.,1.));
#5552=FACE_OUTER_BOUND('',#5553,.T.);
#5553=EDGE_LOOP('',(#5554,#5564,#5574,#5584));
#5557=CARTESIAN_POINT('',(-0.203,1.219,1.88));
#5556=VERTEX_POINT('',#5557);
#5559=CARTESIAN_POINT('',(0.203,1.219,1.88));
#5558=VERTEX_POINT('',#5559);
#5555=EDGE_CURVE('',#5556,#5558,#5560,.T.);
#5560=LINE('',#5557,#5562);
#5562=VECTOR('',#5563,0.406400016339228);
#5563=DIRECTION('',(1.0,0.0,0.0));
#5554=ORIENTED_EDGE('',*,*,#5555,.F.);
#5565=EDGE_CURVE('',#5360,#5556,#5570,.T.);
#5570=LINE('',#5361,#5572);
#5572=VECTOR('',#5573,2.3368254);
#5573=DIRECTION('',(0.0,0.0,-1.0));
#5564=ORIENTED_EDGE('',*,*,#5565,.F.);
#5574=ORIENTED_EDGE('',*,*,#5359,.T.);
#5585=EDGE_CURVE('',#5558,#5362,#5590,.T.);
#5590=LINE('',#5559,#5592);
#5592=VECTOR('',#5593,2.3368254);
#5593=DIRECTION('',(0.0,0.0,1.0));
#5584=ORIENTED_EDGE('',*,*,#5585,.F.);
#5594=STYLED_ITEM('',(#34),#5595);
#5595=ADVANCED_FACE('',(#5601),#5596,.T.);
#5596=PLANE('',#5597);
#5597=AXIS2_PLACEMENT_3D('',#5598,#5599,#5600);
#5598=CARTESIAN_POINT('',(-0.203,1.219,1.88));
#5599=DIRECTION('',(-1.0,0.0,0.0));
#5600=DIRECTION('',(0.,0.,1.));
#5601=FACE_OUTER_BOUND('',#5602,.T.);
#5602=EDGE_LOOP('',(#5603,#5613,#5623,#5633));
#5606=CARTESIAN_POINT('',(-0.203,0.813,1.88));
#5605=VERTEX_POINT('',#5606);
#5604=EDGE_CURVE('',#5605,#5556,#5609,.T.);
#5609=LINE('',#5606,#5611);
#5611=VECTOR('',#5612,0.406399994550218);
#5612=DIRECTION('',(0.0,1.0,0.0));
#5603=ORIENTED_EDGE('',*,*,#5604,.F.);
#5614=EDGE_CURVE('',#5409,#5605,#5619,.T.);
#5619=LINE('',#5410,#5621);
#5621=VECTOR('',#5622,2.3368254);
#5622=DIRECTION('',(0.0,0.0,-1.0));
#5613=ORIENTED_EDGE('',*,*,#5614,.F.);
#5623=ORIENTED_EDGE('',*,*,#5408,.T.);
#5633=ORIENTED_EDGE('',*,*,#5565,.T.);
#5643=STYLED_ITEM('',(#34),#5644);
#5644=ADVANCED_FACE('',(#5650),#5645,.T.);
#5645=PLANE('',#5646);
#5646=AXIS2_PLACEMENT_3D('',#5647,#5648,#5649);
#5647=CARTESIAN_POINT('',(-0.203,0.813,1.88));
#5648=DIRECTION('',(0.0,-1.0,0.0));
#5649=DIRECTION('',(0.,0.,1.));
#5650=FACE_OUTER_BOUND('',#5651,.T.);
#5651=EDGE_LOOP('',(#5652,#5662,#5672,#5682));
#5655=CARTESIAN_POINT('',(0.203,0.813,1.88));
#5654=VERTEX_POINT('',#5655);
#5653=EDGE_CURVE('',#5654,#5605,#5658,.T.);
#5658=LINE('',#5655,#5660);
#5660=VECTOR('',#5661,0.406399994560336);
#5661=DIRECTION('',(-1.0,0.0,0.0));
#5652=ORIENTED_EDGE('',*,*,#5653,.F.);
#5663=EDGE_CURVE('',#5458,#5654,#5668,.T.);
#5668=LINE('',#5459,#5670);
#5670=VECTOR('',#5671,2.3368254);
#5671=DIRECTION('',(0.0,0.0,-1.0));
#5662=ORIENTED_EDGE('',*,*,#5663,.F.);
#5672=ORIENTED_EDGE('',*,*,#5457,.T.);
#5682=ORIENTED_EDGE('',*,*,#5614,.T.);
#5692=STYLED_ITEM('',(#34),#5693);
#5693=ADVANCED_FACE('',(#5699),#5694,.T.);
#5694=PLANE('',#5695);
#5695=AXIS2_PLACEMENT_3D('',#5696,#5697,#5698);
#5696=CARTESIAN_POINT('',(0.203,0.813,1.88));
#5697=DIRECTION('',(1.0,0.0,0.0));
#5698=DIRECTION('',(0.,0.,1.));
#5699=FACE_OUTER_BOUND('',#5700,.T.);
#5700=EDGE_LOOP('',(#5701,#5711,#5721,#5731));
#5702=EDGE_CURVE('',#5558,#5654,#5707,.T.);
#5707=LINE('',#5559,#5709);
#5709=VECTOR('',#5710,0.406399994550218);
#5710=DIRECTION('',(0.0,-1.0,0.0));
#5701=ORIENTED_EDGE('',*,*,#5702,.F.);
#5711=ORIENTED_EDGE('',*,*,#5585,.T.);
#5721=ORIENTED_EDGE('',*,*,#5506,.T.);
#5731=ORIENTED_EDGE('',*,*,#5663,.T.);
#5741=STYLED_ITEM('',(#34),#5742);
#5742=ADVANCED_FACE('',(#5748),#5743,.T.);
#5743=PLANE('',#5744);
#5744=AXIS2_PLACEMENT_3D('',#5745,#5746,#5747);
#5745=CARTESIAN_POINT('',(-0.203,0.813,1.88));
#5746=DIRECTION('',(0.0,0.0,-1.0));
#5747=DIRECTION('',(0.,1.,0.));
#5748=FACE_OUTER_BOUND('',#5749,.T.);
#5749=EDGE_LOOP('',(#5750,#5760,#5770,#5780));
#5750=ORIENTED_EDGE('',*,*,#5604,.T.);
#5760=ORIENTED_EDGE('',*,*,#5555,.T.);
#5770=ORIENTED_EDGE('',*,*,#5702,.T.);
#5780=ORIENTED_EDGE('',*,*,#5653,.T.);
#5790=STYLED_ITEM('',(#34),#5791);
#5791=ADVANCED_FACE('',(#5797),#5792,.T.);
#5792=PLANE('',#5793);
#5793=AXIS2_PLACEMENT_3D('',#5794,#5795,#5796);
#5794=CARTESIAN_POINT('',(0.203,0.813,0.61));
#5795=DIRECTION('',(0.0,0.0,1.0));
#5796=DIRECTION('',(0.,1.,0.));
#5797=FACE_OUTER_BOUND('',#5798,.T.);
#5798=EDGE_LOOP('',(#5799,#5809,#5819,#5829));
#5802=CARTESIAN_POINT('',(0.203,1.219,0.61));
#5801=VERTEX_POINT('',#5802);
#5804=CARTESIAN_POINT('',(0.203,0.813,0.61));
#5803=VERTEX_POINT('',#5804);
#5800=EDGE_CURVE('',#5801,#5803,#5805,.T.);
#5805=LINE('',#5802,#5807);
#5807=VECTOR('',#5808,0.406399994550218);
#5808=DIRECTION('',(0.0,-1.0,0.0));
#5799=ORIENTED_EDGE('',*,*,#5800,.F.);
#5812=CARTESIAN_POINT('',(-0.203,1.219,0.61));
#5811=VERTEX_POINT('',#5812);
#5810=EDGE_CURVE('',#5811,#5801,#5815,.T.);
#5815=LINE('',#5812,#5817);
#5817=VECTOR('',#5818,0.406400016339228);
#5818=DIRECTION('',(1.0,0.0,0.0));
#5809=ORIENTED_EDGE('',*,*,#5810,.F.);
#5822=CARTESIAN_POINT('',(-0.203,0.813,0.61));
#5821=VERTEX_POINT('',#5822);
#5820=EDGE_CURVE('',#5821,#5811,#5825,.T.);
#5825=LINE('',#5822,#5827);
#5827=VECTOR('',#5828,0.406399994550218);
#5828=DIRECTION('',(0.0,1.0,0.0));
#5819=ORIENTED_EDGE('',*,*,#5820,.F.);
#5830=EDGE_CURVE('',#5803,#5821,#5835,.T.);
#5835=LINE('',#5804,#5837);
#5837=VECTOR('',#5838,0.406399994560336);
#5838=DIRECTION('',(-1.0,0.0,0.0));
#5829=ORIENTED_EDGE('',*,*,#5830,.F.);
#5839=STYLED_ITEM('',(#34),#5840);
#5840=ADVANCED_FACE('',(#5846),#5841,.T.);
#5841=PLANE('',#5842);
#5842=AXIS2_PLACEMENT_3D('',#5843,#5844,#5845);
#5843=CARTESIAN_POINT('',(0.203,1.219,0.508));
#5844=DIRECTION('',(0.0,1.0,0.0));
#5845=DIRECTION('',(0.,0.,1.));
#5846=FACE_OUTER_BOUND('',#5847,.T.);
#5847=EDGE_LOOP('',(#5848,#5858,#5868,#5878));
#5851=CARTESIAN_POINT('',(-0.203,1.219,0.508));
#5850=VERTEX_POINT('',#5851);
#5853=CARTESIAN_POINT('',(0.203,1.219,0.508));
#5852=VERTEX_POINT('',#5853);
#5849=EDGE_CURVE('',#5850,#5852,#5854,.T.);
#5854=LINE('',#5851,#5856);
#5856=VECTOR('',#5857,0.406400016339228);
#5857=DIRECTION('',(1.0,0.0,0.0));
#5848=ORIENTED_EDGE('',*,*,#5849,.F.);
#5859=EDGE_CURVE('',#5811,#5850,#5864,.T.);
#5864=LINE('',#5812,#5866);
#5866=VECTOR('',#5867,0.10159365);
#5867=DIRECTION('',(0.0,0.0,-1.0));
#5858=ORIENTED_EDGE('',*,*,#5859,.F.);
#5868=ORIENTED_EDGE('',*,*,#5810,.T.);
#5879=EDGE_CURVE('',#5852,#5801,#5884,.T.);
#5884=LINE('',#5853,#5886);
#5886=VECTOR('',#5887,0.10159365);
#5887=DIRECTION('',(0.0,0.0,1.0));
#5878=ORIENTED_EDGE('',*,*,#5879,.F.);
#5888=STYLED_ITEM('',(#34),#5889);
#5889=ADVANCED_FACE('',(#5895),#5890,.T.);
#5890=PLANE('',#5891);
#5891=AXIS2_PLACEMENT_3D('',#5892,#5893,#5894);
#5892=CARTESIAN_POINT('',(-0.203,0.813,0.508));
#5893=DIRECTION('',(0.0,-1.0,0.0));
#5894=DIRECTION('',(0.,0.,1.));
#5895=FACE_OUTER_BOUND('',#5896,.T.);
#5896=EDGE_LOOP('',(#5897,#5907,#5917,#5927));
#5900=CARTESIAN_POINT('',(0.203,0.813,0.508));
#5899=VERTEX_POINT('',#5900);
#5902=CARTESIAN_POINT('',(-0.203,0.813,0.508));
#5901=VERTEX_POINT('',#5902);
#5898=EDGE_CURVE('',#5899,#5901,#5903,.T.);
#5903=LINE('',#5900,#5905);
#5905=VECTOR('',#5906,0.406399994560336);
#5906=DIRECTION('',(-1.0,0.0,0.0));
#5897=ORIENTED_EDGE('',*,*,#5898,.F.);
#5908=EDGE_CURVE('',#5803,#5899,#5913,.T.);
#5913=LINE('',#5804,#5915);
#5915=VECTOR('',#5916,0.10159365);
#5916=DIRECTION('',(0.0,0.0,-1.0));
#5907=ORIENTED_EDGE('',*,*,#5908,.F.);
#5917=ORIENTED_EDGE('',*,*,#5830,.T.);
#5928=EDGE_CURVE('',#5901,#5821,#5933,.T.);
#5933=LINE('',#5902,#5935);
#5935=VECTOR('',#5936,0.10159365);
#5936=DIRECTION('',(0.0,0.0,1.0));
#5927=ORIENTED_EDGE('',*,*,#5928,.F.);
#5937=STYLED_ITEM('',(#34),#5938);
#5938=ADVANCED_FACE('',(#5944),#5939,.T.);
#5939=PLANE('',#5940);
#5940=AXIS2_PLACEMENT_3D('',#5941,#5942,#5943);
#5941=CARTESIAN_POINT('',(0.203,1.321,0.406));
#5942=DIRECTION('',(0.0,0.0,1.0));
#5943=DIRECTION('',(0.,1.,0.));
#5944=FACE_OUTER_BOUND('',#5945,.T.);
#5945=EDGE_LOOP('',(#5946,#5956,#5966,#5976));
#5949=CARTESIAN_POINT('',(0.203,3.023,0.406));
#5948=VERTEX_POINT('',#5949);
#5951=CARTESIAN_POINT('',(0.203,1.321,0.406));
#5950=VERTEX_POINT('',#5951);
#5947=EDGE_CURVE('',#5948,#5950,#5952,.T.);
#5952=LINE('',#5949,#5954);
#5954=VECTOR('',#5955,1.70180634831321);
#5955=DIRECTION('',(0.0,-1.0,0.0));
#5946=ORIENTED_EDGE('',*,*,#5947,.F.);
#5959=CARTESIAN_POINT('',(-0.203,3.023,0.406));
#5958=VERTEX_POINT('',#5959);
#5957=EDGE_CURVE('',#5958,#5948,#5962,.T.);
#5962=LINE('',#5959,#5964);
#5964=VECTOR('',#5965,0.406400208164092);
#5965=DIRECTION('',(1.0,0.0,0.0));
#5956=ORIENTED_EDGE('',*,*,#5957,.F.);
#5969=CARTESIAN_POINT('',(-0.203,1.321,0.406));
#5968=VERTEX_POINT('',#5969);
#5967=EDGE_CURVE('',#5968,#5958,#5972,.T.);
#5972=LINE('',#5969,#5974);
#5974=VECTOR('',#5975,1.70180634831321);
#5975=DIRECTION('',(0.0,1.0,0.0));
#5966=ORIENTED_EDGE('',*,*,#5967,.F.);
#5977=EDGE_CURVE('',#5950,#5968,#5982,.T.);
#5982=LINE('',#5951,#5984);
#5984=VECTOR('',#5985,0.406400026558929);
#5985=DIRECTION('',(-1.0,0.0,0.0));
#5976=ORIENTED_EDGE('',*,*,#5977,.F.);
#6035=STYLED_ITEM('',(#34),#6036);
#6036=ADVANCED_FACE('',(#6042),#6037,.T.);
#6037=PLANE('',#6038);
#6038=AXIS2_PLACEMENT_3D('',#6039,#6040,#6041);
#6039=CARTESIAN_POINT('',(-0.203,1.321,0.0));
#6040=DIRECTION('',(0.0,0.0,-1.0));
#6041=DIRECTION('',(0.,1.,0.));
#6042=FACE_OUTER_BOUND('',#6043,.T.);
#6043=EDGE_LOOP('',(#6044,#6054,#6064,#6074));
#6047=CARTESIAN_POINT('',(-0.203,3.023,0.0));
#6046=VERTEX_POINT('',#6047);
#6049=CARTESIAN_POINT('',(-0.203,1.321,0.0));
#6048=VERTEX_POINT('',#6049);
#6045=EDGE_CURVE('',#6046,#6048,#6050,.T.);
#6050=LINE('',#6047,#6052);
#6052=VECTOR('',#6053,1.70180634831321);
#6053=DIRECTION('',(0.0,-1.0,0.0));
#6044=ORIENTED_EDGE('',*,*,#6045,.F.);
#6057=CARTESIAN_POINT('',(0.203,3.023,0.0));
#6056=VERTEX_POINT('',#6057);
#6055=EDGE_CURVE('',#6056,#6046,#6060,.T.);
#6060=LINE('',#6057,#6062);
#6062=VECTOR('',#6063,0.406400208164092);
#6063=DIRECTION('',(-1.0,0.0,0.0));
#6054=ORIENTED_EDGE('',*,*,#6055,.F.);
#6067=CARTESIAN_POINT('',(0.203,1.321,0.0));
#6066=VERTEX_POINT('',#6067);
#6065=EDGE_CURVE('',#6066,#6056,#6070,.T.);
#6070=LINE('',#6067,#6072);
#6072=VECTOR('',#6073,1.70180634831321);
#6073=DIRECTION('',(0.0,1.0,0.0));
#6064=ORIENTED_EDGE('',*,*,#6065,.F.);
#6075=EDGE_CURVE('',#6048,#6066,#6080,.T.);
#6080=LINE('',#6049,#6082);
#6082=VECTOR('',#6083,0.406400026558929);
#6083=DIRECTION('',(1.0,0.0,0.0));
#6074=ORIENTED_EDGE('',*,*,#6075,.F.);
#6133=STYLED_ITEM('',(#34),#6134);
#6134=ADVANCED_FACE('',(#6140),#6135,.T.);
#6135=PLANE('',#6136);
#6136=AXIS2_PLACEMENT_3D('',#6137,#6138,#6139);
#6137=CARTESIAN_POINT('',(0.102,3.124,0.305));
#6138=DIRECTION('',(0.0,0.707,0.707));
#6139=DIRECTION('',(0.,0.,1.));
#6140=FACE_OUTER_BOUND('',#6141,.T.);
#6141=EDGE_LOOP('',(#6142,#6152,#6162,#6172));
#6145=CARTESIAN_POINT('',(-0.102,3.124,0.305));
#6144=VERTEX_POINT('',#6145);
#6147=CARTESIAN_POINT('',(0.102,3.124,0.305));
#6146=VERTEX_POINT('',#6147);
#6143=EDGE_CURVE('',#6144,#6146,#6148,.T.);
#6148=LINE('',#6145,#6150);
#6150=VECTOR('',#6151,0.203200222495683);
#6151=DIRECTION('',(1.0,0.0,0.0));
#6142=ORIENTED_EDGE('',*,*,#6143,.F.);
#6153=EDGE_CURVE('',#5958,#6144,#6158,.T.);
#6158=LINE('',#5959,#6160);
#6160=VECTOR('',#6161,0.175976360901697);
#6161=DIRECTION('',(0.577,0.577,-0.577));
#6152=ORIENTED_EDGE('',*,*,#6153,.F.);
#6162=ORIENTED_EDGE('',*,*,#5957,.T.);
#6173=EDGE_CURVE('',#6146,#5948,#6178,.T.);
#6178=LINE('',#6147,#6180);
#6180=VECTOR('',#6181,0.175976360901697);
#6181=DIRECTION('',(0.577,-0.577,0.577));
#6172=ORIENTED_EDGE('',*,*,#6173,.F.);
#6182=STYLED_ITEM('',(#34),#6183);
#6183=ADVANCED_FACE('',(#6189),#6184,.T.);
#6184=PLANE('',#6185);
#6185=AXIS2_PLACEMENT_3D('',#6186,#6187,#6188);
#6186=CARTESIAN_POINT('',(0.203,3.023,0.0));
#6187=DIRECTION('',(0.707,0.707,0.0));
#6188=DIRECTION('',(0.,0.,1.));
#6189=FACE_OUTER_BOUND('',#6190,.T.);
#6190=EDGE_LOOP('',(#6191,#6201,#6211,#6221));
#6194=CARTESIAN_POINT('',(0.102,3.124,0.102));
#6193=VERTEX_POINT('',#6194);
#6192=EDGE_CURVE('',#6193,#6056,#6197,.T.);
#6197=LINE('',#6194,#6199);
#6199=VECTOR('',#6200,0.175976360901697);
#6200=DIRECTION('',(0.577,-0.577,-0.577));
#6191=ORIENTED_EDGE('',*,*,#6192,.F.);
#6202=EDGE_CURVE('',#6146,#6193,#6207,.T.);
#6207=LINE('',#6147,#6209);
#6209=VECTOR('',#6210,0.2032);
#6210=DIRECTION('',(0.0,0.0,-1.0));
#6201=ORIENTED_EDGE('',*,*,#6202,.F.);
#6211=ORIENTED_EDGE('',*,*,#6173,.T.);
#6222=EDGE_CURVE('',#6056,#5948,#6227,.T.);
#6227=LINE('',#6057,#6229);
#6229=VECTOR('',#6230,0.4064);
#6230=DIRECTION('',(0.0,0.0,1.0));
#6221=ORIENTED_EDGE('',*,*,#6222,.F.);
#6231=STYLED_ITEM('',(#34),#6232);
#6232=ADVANCED_FACE('',(#6238),#6233,.T.);
#6233=PLANE('',#6234);
#6234=AXIS2_PLACEMENT_3D('',#6235,#6236,#6237);
#6235=CARTESIAN_POINT('',(0.203,3.023,0.0));
#6236=DIRECTION('',(0.0,0.707,-0.707));
#6237=DIRECTION('',(0.,0.,1.));
#6238=FACE_OUTER_BOUND('',#6239,.T.);
#6239=EDGE_LOOP('',(#6240,#6250,#6260,#6270));
#6240=ORIENTED_EDGE('',*,*,#6055,.T.);
#6253=CARTESIAN_POINT('',(-0.102,3.124,0.102));
#6252=VERTEX_POINT('',#6253);
#6251=EDGE_CURVE('',#6252,#6046,#6256,.T.);
#6256=LINE('',#6253,#6258);
#6258=VECTOR('',#6259,0.175976360901697);
#6259=DIRECTION('',(-0.577,-0.577,-0.577));
#6250=ORIENTED_EDGE('',*,*,#6251,.F.);
#6261=EDGE_CURVE('',#6193,#6252,#6266,.T.);
#6266=LINE('',#6194,#6268);
#6268=VECTOR('',#6269,0.203200222495683);
#6269=DIRECTION('',(-1.0,0.0,0.0));
#6260=ORIENTED_EDGE('',*,*,#6261,.F.);
#6270=ORIENTED_EDGE('',*,*,#6192,.T.);
#6280=STYLED_ITEM('',(#34),#6281);
#6281=ADVANCED_FACE('',(#6287),#6282,.T.);
#6282=PLANE('',#6283);
#6283=AXIS2_PLACEMENT_3D('',#6284,#6285,#6286);
#6284=CARTESIAN_POINT('',(-0.102,3.124,0.102));
#6285=DIRECTION('',(-0.707,0.707,0.0));
#6286=DIRECTION('',(0.,0.,1.));
#6287=FACE_OUTER_BOUND('',#6288,.T.);
#6288=EDGE_LOOP('',(#6289,#6299,#6309,#6319));
#6289=ORIENTED_EDGE('',*,*,#6251,.T.);
#6300=EDGE_CURVE('',#5958,#6046,#6305,.T.);
#6305=LINE('',#5959,#6307);
#6307=VECTOR('',#6308,0.4064);
#6308=DIRECTION('',(0.0,0.0,-1.0));
#6299=ORIENTED_EDGE('',*,*,#6300,.F.);
#6309=ORIENTED_EDGE('',*,*,#6153,.T.);
#6320=EDGE_CURVE('',#6252,#6144,#6325,.T.);
#6325=LINE('',#6253,#6327);
#6327=VECTOR('',#6328,0.2032);
#6328=DIRECTION('',(0.0,0.0,1.0));
#6319=ORIENTED_EDGE('',*,*,#6320,.F.);
#6329=STYLED_ITEM('',(#34),#6330);
#6330=ADVANCED_FACE('',(#6336),#6331,.T.);
#6331=PLANE('',#6332);
#6332=AXIS2_PLACEMENT_3D('',#6333,#6334,#6335);
#6333=CARTESIAN_POINT('',(0.102,3.124,0.102));
#6334=DIRECTION('',(0.0,1.0,0.0));
#6335=DIRECTION('',(0.,0.,1.));
#6336=FACE_OUTER_BOUND('',#6337,.T.);
#6337=EDGE_LOOP('',(#6338,#6348,#6358,#6368));
#6338=ORIENTED_EDGE('',*,*,#6261,.T.);
#6348=ORIENTED_EDGE('',*,*,#6320,.T.);
#6358=ORIENTED_EDGE('',*,*,#6143,.T.);
#6368=ORIENTED_EDGE('',*,*,#6202,.T.);
#6378=STYLED_ITEM($,(#34),#6379);
#6379=ADVANCED_FACE($,(#6385),#6380,.F.);
#6380=CYLINDRICAL_SURFACE($,#6381,0.10159365);
#6381=AXIS2_PLACEMENT_3D($,#6382,#6383,#6384);
#6382=CARTESIAN_POINT('',(0.203,1.321,0.508));
#6383=DIRECTION('',(1.0,0.0,0.0));
#6384=DIRECTION('',(0.,0.,1.));
#6385=FACE_OUTER_BOUND($,#6386,.T.);
#6386=EDGE_LOOP($,(#6398,#6408,#6419,#6387));
#6398=ORIENTED_EDGE('',*,*,#5977,.T.);
#6409=EDGE_CURVE($,#5850,#5968,#6414,.T.);
#6414=CIRCLE($,#6415,0.10159365);
#6416=CARTESIAN_POINT('',(-0.203,1.321,0.508));
#6415=AXIS2_PLACEMENT_3D($,#6416,#6417,#6418);
#6417=DIRECTION('',(1.0,0.0,0.0));
#6418=DIRECTION('',(0.0,0.707,-0.707));
#6408=ORIENTED_EDGE('',*,*,#6409,.F.);
#6419=ORIENTED_EDGE('',*,*,#5849,.T.);
#6388=EDGE_CURVE($,#5950,#5852,#6393,.T.);
#6393=CIRCLE($,#6394,0.10159365);
#6395=CARTESIAN_POINT('',(0.203,1.321,0.508));
#6394=AXIS2_PLACEMENT_3D($,#6395,#6396,#6397);
#6396=DIRECTION('',(-1.0,0.0,0.0));
#6397=DIRECTION('',(0.0,-0.707,0.707));
#6387=ORIENTED_EDGE('',*,*,#6388,.F.);
#6429=STYLED_ITEM($,(#34),#6430);
#6430=ADVANCED_FACE($,(#6436),#6431,.T.);
#6431=CYLINDRICAL_SURFACE($,#6432,0.50799365);
#6432=AXIS2_PLACEMENT_3D($,#6433,#6434,#6435);
#6433=CARTESIAN_POINT('',(0.203,1.321,0.508));
#6434=DIRECTION('',(-1.0,0.0,0.0));
#6435=DIRECTION('',(0.,0.,1.));
#6436=FACE_OUTER_BOUND($,#6437,.T.);
#6437=EDGE_LOOP($,(#6449,#6459,#6470,#6438));
#6449=ORIENTED_EDGE('',*,*,#6075,.T.);
#6460=EDGE_CURVE($,#5899,#6066,#6465,.T.);
#6465=CIRCLE($,#6466,0.50799365);
#6466=AXIS2_PLACEMENT_3D($,#6395,#6468,#6469);
#6468=DIRECTION('',(1.0,0.0,0.0));
#6469=DIRECTION('',(0.0,0.707,-0.707));
#6459=ORIENTED_EDGE('',*,*,#6460,.F.);
#6470=ORIENTED_EDGE('',*,*,#5898,.T.);
#6439=EDGE_CURVE($,#6048,#5901,#6444,.T.);
#6444=CIRCLE($,#6445,0.50799365);
#6445=AXIS2_PLACEMENT_3D($,#6416,#6447,#6448);
#6447=DIRECTION('',(-1.0,0.0,0.0));
#6448=DIRECTION('',(0.0,-0.707,0.707));
#6438=ORIENTED_EDGE('',*,*,#6439,.F.);
#6480=STYLED_ITEM('color',(#34),#6481);
#6481=ADVANCED_FACE($,(#6487),#6482,.T.);
#6482=PLANE($,#6483);
#6483=AXIS2_PLACEMENT_3D($,#6484,#6485,#6486);
#6484=CARTESIAN_POINT('',(0.203,0.813,0.508));
#6485=DIRECTION('',(1.0,0.0,0.0));
#6486=DIRECTION('',(1.,0.,0.));
#6487=FACE_OUTER_BOUND($,#6488,.T.);
#6488=EDGE_LOOP($,(#6491, #6501, #6511, #6521, #6532, #6542, #6552, #6562));
#6491=ORIENTED_EDGE('',*,*,#5879,.T.);
#6501=ORIENTED_EDGE('',*,*,#5800,.T.);
#6511=ORIENTED_EDGE('',*,*,#5908,.T.);
#6521=ORIENTED_EDGE('',*,*,#6460,.T.);
#6532=ORIENTED_EDGE('',*,*,#6065,.T.);
#6542=ORIENTED_EDGE('',*,*,#6222,.T.);
#6552=ORIENTED_EDGE('',*,*,#5947,.T.);
#6562=ORIENTED_EDGE('',*,*,#6388,.T.);
#6573=STYLED_ITEM('color',(#34),#6574);
#6574=ADVANCED_FACE($,(#6580),#6575,.T.);
#6575=PLANE($,#6576);
#6576=AXIS2_PLACEMENT_3D($,#6577,#6578,#6579);
#6577=CARTESIAN_POINT('',(-0.203,0.813,0.508));
#6578=DIRECTION('',(-1.0,0.0,0.0));
#6579=DIRECTION('',(-1.,0.,0.));
#6580=FACE_OUTER_BOUND($,#6581,.T.);
#6581=EDGE_LOOP($,(#6584, #6594, #6604, #6614, #6625, #6635, #6645, #6655));
#6584=ORIENTED_EDGE('',*,*,#5928,.T.);
#6594=ORIENTED_EDGE('',*,*,#5820,.T.);
#6604=ORIENTED_EDGE('',*,*,#5859,.T.);
#6614=ORIENTED_EDGE('',*,*,#6409,.T.);
#6625=ORIENTED_EDGE('',*,*,#5967,.T.);
#6635=ORIENTED_EDGE('',*,*,#6300,.T.);
#6645=ORIENTED_EDGE('',*,*,#6045,.T.);
#6655=ORIENTED_EDGE('',*,*,#6439,.T.);
#6666=MANIFOLD_SOLID_BREP($,#6667);
#6667=CLOSED_SHELL('',(#6671,#6720,#6769,#6818,#6867,#6916,#6965,#7014,#7063,#7112));
#6668=MANIFOLD_SOLID_BREP($,#6669);
#6669=CLOSED_SHELL('',(#7161,#7210,#7259,#7308,#7406,#7504,#7553,#7602,#7651,#7700,#7749,#7800,#7851,#7944));
#6670=STYLED_ITEM('',(#34),#6671);
#6671=ADVANCED_FACE('',(#6677),#6672,.T.);
#6672=PLANE('',#6673);
#6673=AXIS2_PLACEMENT_3D('',#6674,#6675,#6676);
#6674=CARTESIAN_POINT('',(-1.168,0.914,4.318));
#6675=DIRECTION('',(0.0,0.0,1.0));
#6676=DIRECTION('',(0.,1.,0.));
#6677=FACE_OUTER_BOUND('',#6678,.T.);
#6678=EDGE_LOOP('',(#6679,#6689,#6699,#6709));
#6682=CARTESIAN_POINT('',(-1.168,1.118,4.318));
#6681=VERTEX_POINT('',#6682);
#6684=CARTESIAN_POINT('',(-1.168,0.914,4.318));
#6683=VERTEX_POINT('',#6684);
#6680=EDGE_CURVE('',#6681,#6683,#6685,.T.);
#6685=LINE('',#6682,#6687);
#6687=VECTOR('',#6688,0.203199997275109);
#6688=DIRECTION('',(0.0,-1.0,0.0));
#6679=ORIENTED_EDGE('',*,*,#6680,.F.);
#6692=CARTESIAN_POINT('',(-1.372,1.118,4.318));
#6691=VERTEX_POINT('',#6692);
#6690=EDGE_CURVE('',#6691,#6681,#6695,.T.);
#6695=LINE('',#6692,#6697);
#6697=VECTOR('',#6698,0.203200008169614);
#6698=DIRECTION('',(1.0,0.0,0.0));
#6689=ORIENTED_EDGE('',*,*,#6690,.F.);
#6702=CARTESIAN_POINT('',(-1.372,0.914,4.318));
#6701=VERTEX_POINT('',#6702);
#6700=EDGE_CURVE('',#6701,#6691,#6705,.T.);
#6705=LINE('',#6702,#6707);
#6707=VECTOR('',#6708,0.203199997275109);
#6708=DIRECTION('',(0.0,1.0,0.0));
#6699=ORIENTED_EDGE('',*,*,#6700,.F.);
#6710=EDGE_CURVE('',#6683,#6701,#6715,.T.);
#6715=LINE('',#6684,#6717);
#6717=VECTOR('',#6718,0.203199997280168);
#6718=DIRECTION('',(-1.0,0.0,0.0));
#6709=ORIENTED_EDGE('',*,*,#6710,.F.);
#6719=STYLED_ITEM('',(#34),#6720);
#6720=ADVANCED_FACE('',(#6726),#6721,.T.);
#6721=PLANE('',#6722);
#6722=AXIS2_PLACEMENT_3D('',#6723,#6724,#6725);
#6723=CARTESIAN_POINT('',(-1.067,1.219,4.216));
#6724=DIRECTION('',(0.0,0.707,0.707));
#6725=DIRECTION('',(0.,0.,1.));
#6726=FACE_OUTER_BOUND('',#6727,.T.);
#6727=EDGE_LOOP('',(#6728,#6738,#6748,#6758));
#6731=CARTESIAN_POINT('',(-1.473,1.219,4.216));
#6730=VERTEX_POINT('',#6731);
#6733=CARTESIAN_POINT('',(-1.067,1.219,4.216));
#6732=VERTEX_POINT('',#6733);
#6729=EDGE_CURVE('',#6730,#6732,#6734,.T.);
#6734=LINE('',#6731,#6736);
#6736=VECTOR('',#6737,0.406400016339228);
#6737=DIRECTION('',(1.0,0.0,0.0));
#6728=ORIENTED_EDGE('',*,*,#6729,.F.);
#6739=EDGE_CURVE('',#6691,#6730,#6744,.T.);
#6744=LINE('',#6692,#6746);
#6746=VECTOR('',#6747,0.175976362048998);
#6747=DIRECTION('',(-0.577,0.577,-0.577));
#6738=ORIENTED_EDGE('',*,*,#6739,.F.);
#6748=ORIENTED_EDGE('',*,*,#6690,.T.);
#6759=EDGE_CURVE('',#6732,#6681,#6764,.T.);
#6764=LINE('',#6733,#6766);
#6766=VECTOR('',#6767,0.175976362048998);
#6767=DIRECTION('',(-0.577,-0.577,0.577));
#6758=ORIENTED_EDGE('',*,*,#6759,.F.);
#6768=STYLED_ITEM('',(#34),#6769);
#6769=ADVANCED_FACE('',(#6775),#6770,.T.);
#6770=PLANE('',#6771);
#6771=AXIS2_PLACEMENT_3D('',#6772,#6773,#6774);
#6772=CARTESIAN_POINT('',(-1.473,1.219,4.216));
#6773=DIRECTION('',(-0.707,0.0,0.707));
#6774=DIRECTION('',(0.,0.,1.));
#6775=FACE_OUTER_BOUND('',#6776,.T.);
#6776=EDGE_LOOP('',(#6777,#6787,#6797,#6807));
#6780=CARTESIAN_POINT('',(-1.473,0.813,4.216));
#6779=VERTEX_POINT('',#6780);
#6778=EDGE_CURVE('',#6779,#6730,#6783,.T.);
#6783=LINE('',#6780,#6785);
#6785=VECTOR('',#6786,0.406399994550218);
#6786=DIRECTION('',(0.0,1.0,0.0));
#6777=ORIENTED_EDGE('',*,*,#6778,.F.);
#6788=EDGE_CURVE('',#6701,#6779,#6793,.T.);
#6793=LINE('',#6702,#6795);
#6795=VECTOR('',#6796,0.175976362048998);
#6796=DIRECTION('',(-0.577,-0.577,-0.577));
#6787=ORIENTED_EDGE('',*,*,#6788,.F.);
#6797=ORIENTED_EDGE('',*,*,#6700,.T.);
#6807=ORIENTED_EDGE('',*,*,#6739,.T.);
#6817=STYLED_ITEM('',(#34),#6818);
#6818=ADVANCED_FACE('',(#6824),#6819,.T.);
#6819=PLANE('',#6820);
#6820=AXIS2_PLACEMENT_3D('',#6821,#6822,#6823);
#6821=CARTESIAN_POINT('',(-1.473,0.813,4.216));
#6822=DIRECTION('',(0.0,-0.707,0.707));
#6823=DIRECTION('',(0.,0.,1.));
#6824=FACE_OUTER_BOUND('',#6825,.T.);
#6825=EDGE_LOOP('',(#6826,#6836,#6846,#6856));
#6829=CARTESIAN_POINT('',(-1.067,0.813,4.216));
#6828=VERTEX_POINT('',#6829);
#6827=EDGE_CURVE('',#6828,#6779,#6832,.T.);
#6832=LINE('',#6829,#6834);
#6834=VECTOR('',#6835,0.406399994560336);
#6835=DIRECTION('',(-1.0,0.0,0.0));
#6826=ORIENTED_EDGE('',*,*,#6827,.F.);
#6837=EDGE_CURVE('',#6683,#6828,#6842,.T.);
#6842=LINE('',#6684,#6844);
#6844=VECTOR('',#6845,0.175976362048998);
#6845=DIRECTION('',(0.577,-0.577,-0.577));
#6836=ORIENTED_EDGE('',*,*,#6837,.F.);
#6846=ORIENTED_EDGE('',*,*,#6710,.T.);
#6856=ORIENTED_EDGE('',*,*,#6788,.T.);
#6866=STYLED_ITEM('',(#34),#6867);
#6867=ADVANCED_FACE('',(#6873),#6868,.T.);
#6868=PLANE('',#6869);
#6869=AXIS2_PLACEMENT_3D('',#6870,#6871,#6872);
#6870=CARTESIAN_POINT('',(-1.067,0.813,4.216));
#6871=DIRECTION('',(0.707,0.0,0.707));
#6872=DIRECTION('',(0.,0.,1.));
#6873=FACE_OUTER_BOUND('',#6874,.T.);
#6874=EDGE_LOOP('',(#6875,#6885,#6895,#6905));
#6876=EDGE_CURVE('',#6732,#6828,#6881,.T.);
#6881=LINE('',#6733,#6883);
#6883=VECTOR('',#6884,0.406399994550218);
#6884=DIRECTION('',(0.0,-1.0,0.0));
#6875=ORIENTED_EDGE('',*,*,#6876,.F.);
#6885=ORIENTED_EDGE('',*,*,#6759,.T.);
#6895=ORIENTED_EDGE('',*,*,#6680,.T.);
#6905=ORIENTED_EDGE('',*,*,#6837,.T.);
#6915=STYLED_ITEM('',(#34),#6916);
#6916=ADVANCED_FACE('',(#6922),#6917,.T.);
#6917=PLANE('',#6918);
#6918=AXIS2_PLACEMENT_3D('',#6919,#6920,#6921);
#6919=CARTESIAN_POINT('',(-1.067,1.219,1.88));
#6920=DIRECTION('',(0.0,1.0,0.0));
#6921=DIRECTION('',(0.,0.,1.));
#6922=FACE_OUTER_BOUND('',#6923,.T.);
#6923=EDGE_LOOP('',(#6924,#6934,#6944,#6954));
#6927=CARTESIAN_POINT('',(-1.473,1.219,1.88));
#6926=VERTEX_POINT('',#6927);
#6929=CARTESIAN_POINT('',(-1.067,1.219,1.88));
#6928=VERTEX_POINT('',#6929);
#6925=EDGE_CURVE('',#6926,#6928,#6930,.T.);
#6930=LINE('',#6927,#6932);
#6932=VECTOR('',#6933,0.406400016339228);
#6933=DIRECTION('',(1.0,0.0,0.0));
#6924=ORIENTED_EDGE('',*,*,#6925,.F.);
#6935=EDGE_CURVE('',#6730,#6926,#6940,.T.);
#6940=LINE('',#6731,#6942);
#6942=VECTOR('',#6943,2.3368254);
#6943=DIRECTION('',(0.0,0.0,-1.0));
#6934=ORIENTED_EDGE('',*,*,#6935,.F.);
#6944=ORIENTED_EDGE('',*,*,#6729,.T.);
#6955=EDGE_CURVE('',#6928,#6732,#6960,.T.);
#6960=LINE('',#6929,#6962);
#6962=VECTOR('',#6963,2.3368254);
#6963=DIRECTION('',(0.0,0.0,1.0));
#6954=ORIENTED_EDGE('',*,*,#6955,.F.);
#6964=STYLED_ITEM('',(#34),#6965);
#6965=ADVANCED_FACE('',(#6971),#6966,.T.);
#6966=PLANE('',#6967);
#6967=AXIS2_PLACEMENT_3D('',#6968,#6969,#6970);
#6968=CARTESIAN_POINT('',(-1.473,1.219,1.88));
#6969=DIRECTION('',(-1.0,0.0,0.0));
#6970=DIRECTION('',(0.,0.,1.));
#6971=FACE_OUTER_BOUND('',#6972,.T.);
#6972=EDGE_LOOP('',(#6973,#6983,#6993,#7003));
#6976=CARTESIAN_POINT('',(-1.473,0.813,1.88));
#6975=VERTEX_POINT('',#6976);
#6974=EDGE_CURVE('',#6975,#6926,#6979,.T.);
#6979=LINE('',#6976,#6981);
#6981=VECTOR('',#6982,0.406399994550218);
#6982=DIRECTION('',(0.0,1.0,0.0));
#6973=ORIENTED_EDGE('',*,*,#6974,.F.);
#6984=EDGE_CURVE('',#6779,#6975,#6989,.T.);
#6989=LINE('',#6780,#6991);
#6991=VECTOR('',#6992,2.3368254);
#6992=DIRECTION('',(0.0,0.0,-1.0));
#6983=ORIENTED_EDGE('',*,*,#6984,.F.);
#6993=ORIENTED_EDGE('',*,*,#6778,.T.);
#7003=ORIENTED_EDGE('',*,*,#6935,.T.);
#7013=STYLED_ITEM('',(#34),#7014);
#7014=ADVANCED_FACE('',(#7020),#7015,.T.);
#7015=PLANE('',#7016);
#7016=AXIS2_PLACEMENT_3D('',#7017,#7018,#7019);
#7017=CARTESIAN_POINT('',(-1.473,0.813,1.88));
#7018=DIRECTION('',(0.0,-1.0,0.0));
#7019=DIRECTION('',(0.,0.,1.));
#7020=FACE_OUTER_BOUND('',#7021,.T.);
#7021=EDGE_LOOP('',(#7022,#7032,#7042,#7052));
#7025=CARTESIAN_POINT('',(-1.067,0.813,1.88));
#7024=VERTEX_POINT('',#7025);
#7023=EDGE_CURVE('',#7024,#6975,#7028,.T.);
#7028=LINE('',#7025,#7030);
#7030=VECTOR('',#7031,0.406399994560336);
#7031=DIRECTION('',(-1.0,0.0,0.0));
#7022=ORIENTED_EDGE('',*,*,#7023,.F.);
#7033=EDGE_CURVE('',#6828,#7024,#7038,.T.);
#7038=LINE('',#6829,#7040);
#7040=VECTOR('',#7041,2.3368254);
#7041=DIRECTION('',(0.0,0.0,-1.0));
#7032=ORIENTED_EDGE('',*,*,#7033,.F.);
#7042=ORIENTED_EDGE('',*,*,#6827,.T.);
#7052=ORIENTED_EDGE('',*,*,#6984,.T.);
#7062=STYLED_ITEM('',(#34),#7063);
#7063=ADVANCED_FACE('',(#7069),#7064,.T.);
#7064=PLANE('',#7065);
#7065=AXIS2_PLACEMENT_3D('',#7066,#7067,#7068);
#7066=CARTESIAN_POINT('',(-1.067,0.813,1.88));
#7067=DIRECTION('',(1.0,0.0,0.0));
#7068=DIRECTION('',(0.,0.,1.));
#7069=FACE_OUTER_BOUND('',#7070,.T.);
#7070=EDGE_LOOP('',(#7071,#7081,#7091,#7101));
#7072=EDGE_CURVE('',#6928,#7024,#7077,.T.);
#7077=LINE('',#6929,#7079);
#7079=VECTOR('',#7080,0.406399994550218);
#7080=DIRECTION('',(0.0,-1.0,0.0));
#7071=ORIENTED_EDGE('',*,*,#7072,.F.);
#7081=ORIENTED_EDGE('',*,*,#6955,.T.);
#7091=ORIENTED_EDGE('',*,*,#6876,.T.);
#7101=ORIENTED_EDGE('',*,*,#7033,.T.);
#7111=STYLED_ITEM('',(#34),#7112);
#7112=ADVANCED_FACE('',(#7118),#7113,.T.);
#7113=PLANE('',#7114);
#7114=AXIS2_PLACEMENT_3D('',#7115,#7116,#7117);
#7115=CARTESIAN_POINT('',(-1.473,0.813,1.88));
#7116=DIRECTION('',(0.0,0.0,-1.0));
#7117=DIRECTION('',(0.,1.,0.));
#7118=FACE_OUTER_BOUND('',#7119,.T.);
#7119=EDGE_LOOP('',(#7120,#7130,#7140,#7150));
#7120=ORIENTED_EDGE('',*,*,#6974,.T.);
#7130=ORIENTED_EDGE('',*,*,#6925,.T.);
#7140=ORIENTED_EDGE('',*,*,#7072,.T.);
#7150=ORIENTED_EDGE('',*,*,#7023,.T.);
#7160=STYLED_ITEM('',(#34),#7161);
#7161=ADVANCED_FACE('',(#7167),#7162,.T.);
#7162=PLANE('',#7163);
#7163=AXIS2_PLACEMENT_3D('',#7164,#7165,#7166);
#7164=CARTESIAN_POINT('',(-1.067,0.813,0.61));
#7165=DIRECTION('',(0.0,0.0,1.0));
#7166=DIRECTION('',(0.,1.,0.));
#7167=FACE_OUTER_BOUND('',#7168,.T.);
#7168=EDGE_LOOP('',(#7169,#7179,#7189,#7199));
#7172=CARTESIAN_POINT('',(-1.067,1.219,0.61));
#7171=VERTEX_POINT('',#7172);
#7174=CARTESIAN_POINT('',(-1.067,0.813,0.61));
#7173=VERTEX_POINT('',#7174);
#7170=EDGE_CURVE('',#7171,#7173,#7175,.T.);
#7175=LINE('',#7172,#7177);
#7177=VECTOR('',#7178,0.406399994550218);
#7178=DIRECTION('',(0.0,-1.0,0.0));
#7169=ORIENTED_EDGE('',*,*,#7170,.F.);
#7182=CARTESIAN_POINT('',(-1.473,1.219,0.61));
#7181=VERTEX_POINT('',#7182);
#7180=EDGE_CURVE('',#7181,#7171,#7185,.T.);
#7185=LINE('',#7182,#7187);
#7187=VECTOR('',#7188,0.406400016339228);
#7188=DIRECTION('',(1.0,0.0,0.0));
#7179=ORIENTED_EDGE('',*,*,#7180,.F.);
#7192=CARTESIAN_POINT('',(-1.473,0.813,0.61));
#7191=VERTEX_POINT('',#7192);
#7190=EDGE_CURVE('',#7191,#7181,#7195,.T.);
#7195=LINE('',#7192,#7197);
#7197=VECTOR('',#7198,0.406399994550218);
#7198=DIRECTION('',(0.0,1.0,0.0));
#7189=ORIENTED_EDGE('',*,*,#7190,.F.);
#7200=EDGE_CURVE('',#7173,#7191,#7205,.T.);
#7205=LINE('',#7174,#7207);
#7207=VECTOR('',#7208,0.406399994560336);
#7208=DIRECTION('',(-1.0,0.0,0.0));
#7199=ORIENTED_EDGE('',*,*,#7200,.F.);
#7209=STYLED_ITEM('',(#34),#7210);
#7210=ADVANCED_FACE('',(#7216),#7211,.T.);
#7211=PLANE('',#7212);
#7212=AXIS2_PLACEMENT_3D('',#7213,#7214,#7215);
#7213=CARTESIAN_POINT('',(-1.067,1.219,0.508));
#7214=DIRECTION('',(0.0,1.0,0.0));
#7215=DIRECTION('',(0.,0.,1.));
#7216=FACE_OUTER_BOUND('',#7217,.T.);
#7217=EDGE_LOOP('',(#7218,#7228,#7238,#7248));
#7221=CARTESIAN_POINT('',(-1.473,1.219,0.508));
#7220=VERTEX_POINT('',#7221);
#7223=CARTESIAN_POINT('',(-1.067,1.219,0.508));
#7222=VERTEX_POINT('',#7223);
#7219=EDGE_CURVE('',#7220,#7222,#7224,.T.);
#7224=LINE('',#7221,#7226);
#7226=VECTOR('',#7227,0.406400016339228);
#7227=DIRECTION('',(1.0,0.0,0.0));
#7218=ORIENTED_EDGE('',*,*,#7219,.F.);
#7229=EDGE_CURVE('',#7181,#7220,#7234,.T.);
#7234=LINE('',#7182,#7236);
#7236=VECTOR('',#7237,0.10159365);
#7237=DIRECTION('',(0.0,0.0,-1.0));
#7228=ORIENTED_EDGE('',*,*,#7229,.F.);
#7238=ORIENTED_EDGE('',*,*,#7180,.T.);
#7249=EDGE_CURVE('',#7222,#7171,#7254,.T.);
#7254=LINE('',#7223,#7256);
#7256=VECTOR('',#7257,0.10159365);
#7257=DIRECTION('',(0.0,0.0,1.0));
#7248=ORIENTED_EDGE('',*,*,#7249,.F.);
#7258=STYLED_ITEM('',(#34),#7259);
#7259=ADVANCED_FACE('',(#7265),#7260,.T.);
#7260=PLANE('',#7261);
#7261=AXIS2_PLACEMENT_3D('',#7262,#7263,#7264);
#7262=CARTESIAN_POINT('',(-1.473,0.813,0.508));
#7263=DIRECTION('',(0.0,-1.0,0.0));
#7264=DIRECTION('',(0.,0.,1.));
#7265=FACE_OUTER_BOUND('',#7266,.T.);
#7266=EDGE_LOOP('',(#7267,#7277,#7287,#7297));
#7270=CARTESIAN_POINT('',(-1.067,0.813,0.508));
#7269=VERTEX_POINT('',#7270);
#7272=CARTESIAN_POINT('',(-1.473,0.813,0.508));
#7271=VERTEX_POINT('',#7272);
#7268=EDGE_CURVE('',#7269,#7271,#7273,.T.);
#7273=LINE('',#7270,#7275);
#7275=VECTOR('',#7276,0.406399994560336);
#7276=DIRECTION('',(-1.0,0.0,0.0));
#7267=ORIENTED_EDGE('',*,*,#7268,.F.);
#7278=EDGE_CURVE('',#7173,#7269,#7283,.T.);
#7283=LINE('',#7174,#7285);
#7285=VECTOR('',#7286,0.10159365);
#7286=DIRECTION('',(0.0,0.0,-1.0));
#7277=ORIENTED_EDGE('',*,*,#7278,.F.);
#7287=ORIENTED_EDGE('',*,*,#7200,.T.);
#7298=EDGE_CURVE('',#7271,#7191,#7303,.T.);
#7303=LINE('',#7272,#7305);
#7305=VECTOR('',#7306,0.10159365);
#7306=DIRECTION('',(0.0,0.0,1.0));
#7297=ORIENTED_EDGE('',*,*,#7298,.F.);
#7307=STYLED_ITEM('',(#34),#7308);
#7308=ADVANCED_FACE('',(#7314),#7309,.T.);
#7309=PLANE('',#7310);
#7310=AXIS2_PLACEMENT_3D('',#7311,#7312,#7313);
#7311=CARTESIAN_POINT('',(-1.067,1.321,0.406));
#7312=DIRECTION('',(0.0,0.0,1.0));
#7313=DIRECTION('',(0.,1.,0.));
#7314=FACE_OUTER_BOUND('',#7315,.T.);
#7315=EDGE_LOOP('',(#7316,#7326,#7336,#7346));
#7319=CARTESIAN_POINT('',(-1.067,3.023,0.406));
#7318=VERTEX_POINT('',#7319);
#7321=CARTESIAN_POINT('',(-1.067,1.321,0.406));
#7320=VERTEX_POINT('',#7321);
#7317=EDGE_CURVE('',#7318,#7320,#7322,.T.);
#7322=LINE('',#7319,#7324);
#7324=VECTOR('',#7325,1.70180634831321);
#7325=DIRECTION('',(0.0,-1.0,0.0));
#7316=ORIENTED_EDGE('',*,*,#7317,.F.);
#7329=CARTESIAN_POINT('',(-1.473,3.023,0.406));
#7328=VERTEX_POINT('',#7329);
#7327=EDGE_CURVE('',#7328,#7318,#7332,.T.);
#7332=LINE('',#7329,#7334);
#7334=VECTOR('',#7335,0.406400208164092);
#7335=DIRECTION('',(1.0,0.0,0.0));
#7326=ORIENTED_EDGE('',*,*,#7327,.F.);
#7339=CARTESIAN_POINT('',(-1.473,1.321,0.406));
#7338=VERTEX_POINT('',#7339);
#7337=EDGE_CURVE('',#7338,#7328,#7342,.T.);
#7342=LINE('',#7339,#7344);
#7344=VECTOR('',#7345,1.70180634831321);
#7345=DIRECTION('',(0.0,1.0,0.0));
#7336=ORIENTED_EDGE('',*,*,#7337,.F.);
#7347=EDGE_CURVE('',#7320,#7338,#7352,.T.);
#7352=LINE('',#7321,#7354);
#7354=VECTOR('',#7355,0.406400026558929);
#7355=DIRECTION('',(-1.0,0.0,0.0));
#7346=ORIENTED_EDGE('',*,*,#7347,.F.);
#7405=STYLED_ITEM('',(#34),#7406);
#7406=ADVANCED_FACE('',(#7412),#7407,.T.);
#7407=PLANE('',#7408);
#7408=AXIS2_PLACEMENT_3D('',#7409,#7410,#7411);
#7409=CARTESIAN_POINT('',(-1.473,1.321,0.0));
#7410=DIRECTION('',(0.0,0.0,-1.0));
#7411=DIRECTION('',(0.,1.,0.));
#7412=FACE_OUTER_BOUND('',#7413,.T.);
#7413=EDGE_LOOP('',(#7414,#7424,#7434,#7444));
#7417=CARTESIAN_POINT('',(-1.473,3.023,0.0));
#7416=VERTEX_POINT('',#7417);
#7419=CARTESIAN_POINT('',(-1.473,1.321,0.0));
#7418=VERTEX_POINT('',#7419);
#7415=EDGE_CURVE('',#7416,#7418,#7420,.T.);
#7420=LINE('',#7417,#7422);
#7422=VECTOR('',#7423,1.70180634831321);
#7423=DIRECTION('',(0.0,-1.0,0.0));
#7414=ORIENTED_EDGE('',*,*,#7415,.F.);
#7427=CARTESIAN_POINT('',(-1.067,3.023,0.0));
#7426=VERTEX_POINT('',#7427);
#7425=EDGE_CURVE('',#7426,#7416,#7430,.T.);
#7430=LINE('',#7427,#7432);
#7432=VECTOR('',#7433,0.406400208164092);
#7433=DIRECTION('',(-1.0,0.0,0.0));
#7424=ORIENTED_EDGE('',*,*,#7425,.F.);
#7437=CARTESIAN_POINT('',(-1.067,1.321,0.0));
#7436=VERTEX_POINT('',#7437);
#7435=EDGE_CURVE('',#7436,#7426,#7440,.T.);
#7440=LINE('',#7437,#7442);
#7442=VECTOR('',#7443,1.70180634831321);
#7443=DIRECTION('',(0.0,1.0,0.0));
#7434=ORIENTED_EDGE('',*,*,#7435,.F.);
#7445=EDGE_CURVE('',#7418,#7436,#7450,.T.);
#7450=LINE('',#7419,#7452);
#7452=VECTOR('',#7453,0.406400026558929);
#7453=DIRECTION('',(1.0,0.0,0.0));
#7444=ORIENTED_EDGE('',*,*,#7445,.F.);
#7503=STYLED_ITEM('',(#34),#7504);
#7504=ADVANCED_FACE('',(#7510),#7505,.T.);
#7505=PLANE('',#7506);
#7506=AXIS2_PLACEMENT_3D('',#7507,#7508,#7509);
#7507=CARTESIAN_POINT('',(-1.168,3.124,0.305));
#7508=DIRECTION('',(0.0,0.707,0.707));
#7509=DIRECTION('',(0.,0.,1.));
#7510=FACE_OUTER_BOUND('',#7511,.T.);
#7511=EDGE_LOOP('',(#7512,#7522,#7532,#7542));
#7515=CARTESIAN_POINT('',(-1.372,3.124,0.305));
#7514=VERTEX_POINT('',#7515);
#7517=CARTESIAN_POINT('',(-1.168,3.124,0.305));
#7516=VERTEX_POINT('',#7517);
#7513=EDGE_CURVE('',#7514,#7516,#7518,.T.);
#7518=LINE('',#7515,#7520);
#7520=VECTOR('',#7521,0.203200222495683);
#7521=DIRECTION('',(1.0,0.0,0.0));
#7512=ORIENTED_EDGE('',*,*,#7513,.F.);
#7523=EDGE_CURVE('',#7328,#7514,#7528,.T.);
#7528=LINE('',#7329,#7530);
#7530=VECTOR('',#7531,0.175976360901697);
#7531=DIRECTION('',(0.577,0.577,-0.577));
#7522=ORIENTED_EDGE('',*,*,#7523,.F.);
#7532=ORIENTED_EDGE('',*,*,#7327,.T.);
#7543=EDGE_CURVE('',#7516,#7318,#7548,.T.);
#7548=LINE('',#7517,#7550);
#7550=VECTOR('',#7551,0.175976360901697);
#7551=DIRECTION('',(0.577,-0.577,0.577));
#7542=ORIENTED_EDGE('',*,*,#7543,.F.);
#7552=STYLED_ITEM('',(#34),#7553);
#7553=ADVANCED_FACE('',(#7559),#7554,.T.);
#7554=PLANE('',#7555);
#7555=AXIS2_PLACEMENT_3D('',#7556,#7557,#7558);
#7556=CARTESIAN_POINT('',(-1.067,3.023,0.0));
#7557=DIRECTION('',(0.707,0.707,0.0));
#7558=DIRECTION('',(0.,0.,1.));
#7559=FACE_OUTER_BOUND('',#7560,.T.);
#7560=EDGE_LOOP('',(#7561,#7571,#7581,#7591));
#7564=CARTESIAN_POINT('',(-1.168,3.124,0.102));
#7563=VERTEX_POINT('',#7564);
#7562=EDGE_CURVE('',#7563,#7426,#7567,.T.);
#7567=LINE('',#7564,#7569);
#7569=VECTOR('',#7570,0.175976360901697);
#7570=DIRECTION('',(0.577,-0.577,-0.577));
#7561=ORIENTED_EDGE('',*,*,#7562,.F.);
#7572=EDGE_CURVE('',#7516,#7563,#7577,.T.);
#7577=LINE('',#7517,#7579);
#7579=VECTOR('',#7580,0.2032);
#7580=DIRECTION('',(0.0,0.0,-1.0));
#7571=ORIENTED_EDGE('',*,*,#7572,.F.);
#7581=ORIENTED_EDGE('',*,*,#7543,.T.);
#7592=EDGE_CURVE('',#7426,#7318,#7597,.T.);
#7597=LINE('',#7427,#7599);
#7599=VECTOR('',#7600,0.4064);
#7600=DIRECTION('',(0.0,0.0,1.0));
#7591=ORIENTED_EDGE('',*,*,#7592,.F.);
#7601=STYLED_ITEM('',(#34),#7602);
#7602=ADVANCED_FACE('',(#7608),#7603,.T.);
#7603=PLANE('',#7604);
#7604=AXIS2_PLACEMENT_3D('',#7605,#7606,#7607);
#7605=CARTESIAN_POINT('',(-1.067,3.023,0.0));
#7606=DIRECTION('',(0.0,0.707,-0.707));
#7607=DIRECTION('',(0.,0.,1.));
#7608=FACE_OUTER_BOUND('',#7609,.T.);
#7609=EDGE_LOOP('',(#7610,#7620,#7630,#7640));
#7610=ORIENTED_EDGE('',*,*,#7425,.T.);
#7623=CARTESIAN_POINT('',(-1.372,3.124,0.102));
#7622=VERTEX_POINT('',#7623);
#7621=EDGE_CURVE('',#7622,#7416,#7626,.T.);
#7626=LINE('',#7623,#7628);
#7628=VECTOR('',#7629,0.175976360901697);
#7629=DIRECTION('',(-0.577,-0.577,-0.577));
#7620=ORIENTED_EDGE('',*,*,#7621,.F.);
#7631=EDGE_CURVE('',#7563,#7622,#7636,.T.);
#7636=LINE('',#7564,#7638);
#7638=VECTOR('',#7639,0.203200222495683);
#7639=DIRECTION('',(-1.0,0.0,0.0));
#7630=ORIENTED_EDGE('',*,*,#7631,.F.);
#7640=ORIENTED_EDGE('',*,*,#7562,.T.);
#7650=STYLED_ITEM('',(#34),#7651);
#7651=ADVANCED_FACE('',(#7657),#7652,.T.);
#7652=PLANE('',#7653);
#7653=AXIS2_PLACEMENT_3D('',#7654,#7655,#7656);
#7654=CARTESIAN_POINT('',(-1.372,3.124,0.102));
#7655=DIRECTION('',(-0.707,0.707,0.0));
#7656=DIRECTION('',(0.,0.,1.));
#7657=FACE_OUTER_BOUND('',#7658,.T.);
#7658=EDGE_LOOP('',(#7659,#7669,#7679,#7689));
#7659=ORIENTED_EDGE('',*,*,#7621,.T.);
#7670=EDGE_CURVE('',#7328,#7416,#7675,.T.);
#7675=LINE('',#7329,#7677);
#7677=VECTOR('',#7678,0.4064);
#7678=DIRECTION('',(0.0,0.0,-1.0));
#7669=ORIENTED_EDGE('',*,*,#7670,.F.);
#7679=ORIENTED_EDGE('',*,*,#7523,.T.);
#7690=EDGE_CURVE('',#7622,#7514,#7695,.T.);
#7695=LINE('',#7623,#7697);
#7697=VECTOR('',#7698,0.2032);
#7698=DIRECTION('',(0.0,0.0,1.0));
#7689=ORIENTED_EDGE('',*,*,#7690,.F.);
#7699=STYLED_ITEM('',(#34),#7700);
#7700=ADVANCED_FACE('',(#7706),#7701,.T.);
#7701=PLANE('',#7702);
#7702=AXIS2_PLACEMENT_3D('',#7703,#7704,#7705);
#7703=CARTESIAN_POINT('',(-1.168,3.124,0.102));
#7704=DIRECTION('',(0.0,1.0,0.0));
#7705=DIRECTION('',(0.,0.,1.));
#7706=FACE_OUTER_BOUND('',#7707,.T.);
#7707=EDGE_LOOP('',(#7708,#7718,#7728,#7738));
#7708=ORIENTED_EDGE('',*,*,#7631,.T.);
#7718=ORIENTED_EDGE('',*,*,#7690,.T.);
#7728=ORIENTED_EDGE('',*,*,#7513,.T.);
#7738=ORIENTED_EDGE('',*,*,#7572,.T.);
#7748=STYLED_ITEM($,(#34),#7749);
#7749=ADVANCED_FACE($,(#7755),#7750,.F.);
#7750=CYLINDRICAL_SURFACE($,#7751,0.10159365);
#7751=AXIS2_PLACEMENT_3D($,#7752,#7753,#7754);
#7752=CARTESIAN_POINT('',(-1.067,1.321,0.508));
#7753=DIRECTION('',(1.0,0.0,0.0));
#7754=DIRECTION('',(0.,0.,1.));
#7755=FACE_OUTER_BOUND($,#7756,.T.);
#7756=EDGE_LOOP($,(#7768,#7778,#7789,#7757));
#7768=ORIENTED_EDGE('',*,*,#7347,.T.);
#7779=EDGE_CURVE($,#7220,#7338,#7784,.T.);
#7784=CIRCLE($,#7785,0.10159365);
#7786=CARTESIAN_POINT('',(-1.473,1.321,0.508));
#7785=AXIS2_PLACEMENT_3D($,#7786,#7787,#7788);
#7787=DIRECTION('',(1.0,0.0,0.0));
#7788=DIRECTION('',(0.0,0.707,-0.707));
#7778=ORIENTED_EDGE('',*,*,#7779,.F.);
#7789=ORIENTED_EDGE('',*,*,#7219,.T.);
#7758=EDGE_CURVE($,#7320,#7222,#7763,.T.);
#7763=CIRCLE($,#7764,0.10159365);
#7765=CARTESIAN_POINT('',(-1.067,1.321,0.508));
#7764=AXIS2_PLACEMENT_3D($,#7765,#7766,#7767);
#7766=DIRECTION('',(-1.0,0.0,0.0));
#7767=DIRECTION('',(0.0,-0.707,0.707));
#7757=ORIENTED_EDGE('',*,*,#7758,.F.);
#7799=STYLED_ITEM($,(#34),#7800);
#7800=ADVANCED_FACE($,(#7806),#7801,.T.);
#7801=CYLINDRICAL_SURFACE($,#7802,0.50799365);
#7802=AXIS2_PLACEMENT_3D($,#7803,#7804,#7805);
#7803=CARTESIAN_POINT('',(-1.067,1.321,0.508));
#7804=DIRECTION('',(-1.0,0.0,0.0));
#7805=DIRECTION('',(0.,0.,1.));
#7806=FACE_OUTER_BOUND($,#7807,.T.);
#7807=EDGE_LOOP($,(#7819,#7829,#7840,#7808));
#7819=ORIENTED_EDGE('',*,*,#7445,.T.);
#7830=EDGE_CURVE($,#7269,#7436,#7835,.T.);
#7835=CIRCLE($,#7836,0.50799365);
#7836=AXIS2_PLACEMENT_3D($,#7765,#7838,#7839);
#7838=DIRECTION('',(1.0,0.0,0.0));
#7839=DIRECTION('',(0.0,0.707,-0.707));
#7829=ORIENTED_EDGE('',*,*,#7830,.F.);
#7840=ORIENTED_EDGE('',*,*,#7268,.T.);
#7809=EDGE_CURVE($,#7418,#7271,#7814,.T.);
#7814=CIRCLE($,#7815,0.50799365);
#7815=AXIS2_PLACEMENT_3D($,#7786,#7817,#7818);
#7817=DIRECTION('',(-1.0,0.0,0.0));
#7818=DIRECTION('',(0.0,-0.707,0.707));
#7808=ORIENTED_EDGE('',*,*,#7809,.F.);
#7850=STYLED_ITEM('color',(#34),#7851);
#7851=ADVANCED_FACE($,(#7857),#7852,.T.);
#7852=PLANE($,#7853);
#7853=AXIS2_PLACEMENT_3D($,#7854,#7855,#7856);
#7854=CARTESIAN_POINT('',(-1.067,0.813,0.508));
#7855=DIRECTION('',(1.0,0.0,0.0));
#7856=DIRECTION('',(1.,0.,0.));
#7857=FACE_OUTER_BOUND($,#7858,.T.);
#7858=EDGE_LOOP($,(#7861, #7871, #7881, #7891, #7902, #7912, #7922, #7932));
#7861=ORIENTED_EDGE('',*,*,#7249,.T.);
#7871=ORIENTED_EDGE('',*,*,#7170,.T.);
#7881=ORIENTED_EDGE('',*,*,#7278,.T.);
#7891=ORIENTED_EDGE('',*,*,#7830,.T.);
#7902=ORIENTED_EDGE('',*,*,#7435,.T.);
#7912=ORIENTED_EDGE('',*,*,#7592,.T.);
#7922=ORIENTED_EDGE('',*,*,#7317,.T.);
#7932=ORIENTED_EDGE('',*,*,#7758,.T.);
#7943=STYLED_ITEM('color',(#34),#7944);
#7944=ADVANCED_FACE($,(#7950),#7945,.T.);
#7945=PLANE($,#7946);
#7946=AXIS2_PLACEMENT_3D($,#7947,#7948,#7949);
#7947=CARTESIAN_POINT('',(-1.473,0.813,0.508));
#7948=DIRECTION('',(-1.0,0.0,0.0));
#7949=DIRECTION('',(-1.,0.,0.));
#7950=FACE_OUTER_BOUND($,#7951,.T.);
#7951=EDGE_LOOP($,(#7954, #7964, #7974, #7984, #7995, #8005, #8015, #8025));
#7954=ORIENTED_EDGE('',*,*,#7298,.T.);
#7964=ORIENTED_EDGE('',*,*,#7190,.T.);
#7974=ORIENTED_EDGE('',*,*,#7229,.T.);
#7984=ORIENTED_EDGE('',*,*,#7779,.T.);
#7995=ORIENTED_EDGE('',*,*,#7337,.T.);
#8005=ORIENTED_EDGE('',*,*,#7670,.T.);
#8015=ORIENTED_EDGE('',*,*,#7415,.T.);
#8025=ORIENTED_EDGE('',*,*,#7809,.T.);
#8036=MANIFOLD_SOLID_BREP($,#8037);
#8037=CLOSED_SHELL('',(#8041,#8090,#8139,#8188,#8237,#8286,#8335,#8384,#8433,#8482));
#8038=MANIFOLD_SOLID_BREP($,#8039);
#8039=CLOSED_SHELL('',(#8531,#8580,#8629,#8678,#8776,#8874,#8923,#8972,#9021,#9070,#9119,#9170,#9221,#9314));
#8040=STYLED_ITEM('',(#34),#8041);
#8041=ADVANCED_FACE('',(#8047),#8042,.T.);
#8042=PLANE('',#8043);
#8043=AXIS2_PLACEMENT_3D('',#8044,#8045,#8046);
#8044=CARTESIAN_POINT('',(1.168,-0.914,4.318));
#8045=DIRECTION('',(0.0,0.0,1.0));
#8046=DIRECTION('',(0.,1.,0.));
#8047=FACE_OUTER_BOUND('',#8048,.T.);
#8048=EDGE_LOOP('',(#8049,#8059,#8069,#8079));
#8052=CARTESIAN_POINT('',(1.168,-1.118,4.318));
#8051=VERTEX_POINT('',#8052);
#8054=CARTESIAN_POINT('',(1.168,-0.914,4.318));
#8053=VERTEX_POINT('',#8054);
#8050=EDGE_CURVE('',#8051,#8053,#8055,.T.);
#8055=LINE('',#8052,#8057);
#8057=VECTOR('',#8058,0.203199997275109);
#8058=DIRECTION('',(0.0,1.0,0.0));
#8049=ORIENTED_EDGE('',*,*,#8050,.F.);
#8062=CARTESIAN_POINT('',(1.372,-1.118,4.318));
#8061=VERTEX_POINT('',#8062);
#8060=EDGE_CURVE('',#8061,#8051,#8065,.T.);
#8065=LINE('',#8062,#8067);
#8067=VECTOR('',#8068,0.203200008169614);
#8068=DIRECTION('',(-1.0,0.0,0.0));
#8059=ORIENTED_EDGE('',*,*,#8060,.F.);
#8072=CARTESIAN_POINT('',(1.372,-0.914,4.318));
#8071=VERTEX_POINT('',#8072);
#8070=EDGE_CURVE('',#8071,#8061,#8075,.T.);
#8075=LINE('',#8072,#8077);
#8077=VECTOR('',#8078,0.203199997275109);
#8078=DIRECTION('',(0.0,-1.0,0.0));
#8069=ORIENTED_EDGE('',*,*,#8070,.F.);
#8080=EDGE_CURVE('',#8053,#8071,#8085,.T.);
#8085=LINE('',#8054,#8087);
#8087=VECTOR('',#8088,0.203199997280168);
#8088=DIRECTION('',(1.0,0.0,0.0));
#8079=ORIENTED_EDGE('',*,*,#8080,.F.);
#8089=STYLED_ITEM('',(#34),#8090);
#8090=ADVANCED_FACE('',(#8096),#8091,.T.);
#8091=PLANE('',#8092);
#8092=AXIS2_PLACEMENT_3D('',#8093,#8094,#8095);
#8093=CARTESIAN_POINT('',(1.067,-1.219,4.216));
#8094=DIRECTION('',(0.0,-0.707,0.707));
#8095=DIRECTION('',(0.,0.,1.));
#8096=FACE_OUTER_BOUND('',#8097,.T.);
#8097=EDGE_LOOP('',(#8098,#8108,#8118,#8128));
#8101=CARTESIAN_POINT('',(1.473,-1.219,4.216));
#8100=VERTEX_POINT('',#8101);
#8103=CARTESIAN_POINT('',(1.067,-1.219,4.216));
#8102=VERTEX_POINT('',#8103);
#8099=EDGE_CURVE('',#8100,#8102,#8104,.T.);
#8104=LINE('',#8101,#8106);
#8106=VECTOR('',#8107,0.406400016339228);
#8107=DIRECTION('',(-1.0,0.0,0.0));
#8098=ORIENTED_EDGE('',*,*,#8099,.F.);
#8109=EDGE_CURVE('',#8061,#8100,#8114,.T.);
#8114=LINE('',#8062,#8116);
#8116=VECTOR('',#8117,0.175976362048998);
#8117=DIRECTION('',(0.577,-0.577,-0.577));
#8108=ORIENTED_EDGE('',*,*,#8109,.F.);
#8118=ORIENTED_EDGE('',*,*,#8060,.T.);
#8129=EDGE_CURVE('',#8102,#8051,#8134,.T.);
#8134=LINE('',#8103,#8136);
#8136=VECTOR('',#8137,0.175976362048998);
#8137=DIRECTION('',(0.577,0.577,0.577));
#8128=ORIENTED_EDGE('',*,*,#8129,.F.);
#8138=STYLED_ITEM('',(#34),#8139);
#8139=ADVANCED_FACE('',(#8145),#8140,.T.);
#8140=PLANE('',#8141);
#8141=AXIS2_PLACEMENT_3D('',#8142,#8143,#8144);
#8142=CARTESIAN_POINT('',(1.473,-1.219,4.216));
#8143=DIRECTION('',(0.707,0.0,0.707));
#8144=DIRECTION('',(0.,0.,1.));
#8145=FACE_OUTER_BOUND('',#8146,.T.);
#8146=EDGE_LOOP('',(#8147,#8157,#8167,#8177));
#8150=CARTESIAN_POINT('',(1.473,-0.813,4.216));
#8149=VERTEX_POINT('',#8150);
#8148=EDGE_CURVE('',#8149,#8100,#8153,.T.);
#8153=LINE('',#8150,#8155);
#8155=VECTOR('',#8156,0.406399994550218);
#8156=DIRECTION('',(0.0,-1.0,0.0));
#8147=ORIENTED_EDGE('',*,*,#8148,.F.);
#8158=EDGE_CURVE('',#8071,#8149,#8163,.T.);
#8163=LINE('',#8072,#8165);
#8165=VECTOR('',#8166,0.175976362048998);
#8166=DIRECTION('',(0.577,0.577,-0.577));
#8157=ORIENTED_EDGE('',*,*,#8158,.F.);
#8167=ORIENTED_EDGE('',*,*,#8070,.T.);
#8177=ORIENTED_EDGE('',*,*,#8109,.T.);
#8187=STYLED_ITEM('',(#34),#8188);
#8188=ADVANCED_FACE('',(#8194),#8189,.T.);
#8189=PLANE('',#8190);
#8190=AXIS2_PLACEMENT_3D('',#8191,#8192,#8193);
#8191=CARTESIAN_POINT('',(1.473,-0.813,4.216));
#8192=DIRECTION('',(0.0,0.707,0.707));
#8193=DIRECTION('',(0.,0.,1.));
#8194=FACE_OUTER_BOUND('',#8195,.T.);
#8195=EDGE_LOOP('',(#8196,#8206,#8216,#8226));
#8199=CARTESIAN_POINT('',(1.067,-0.813,4.216));
#8198=VERTEX_POINT('',#8199);
#8197=EDGE_CURVE('',#8198,#8149,#8202,.T.);
#8202=LINE('',#8199,#8204);
#8204=VECTOR('',#8205,0.406399994560336);
#8205=DIRECTION('',(1.0,0.0,0.0));
#8196=ORIENTED_EDGE('',*,*,#8197,.F.);
#8207=EDGE_CURVE('',#8053,#8198,#8212,.T.);
#8212=LINE('',#8054,#8214);
#8214=VECTOR('',#8215,0.175976362048998);
#8215=DIRECTION('',(-0.577,0.577,-0.577));
#8206=ORIENTED_EDGE('',*,*,#8207,.F.);
#8216=ORIENTED_EDGE('',*,*,#8080,.T.);
#8226=ORIENTED_EDGE('',*,*,#8158,.T.);
#8236=STYLED_ITEM('',(#34),#8237);
#8237=ADVANCED_FACE('',(#8243),#8238,.T.);
#8238=PLANE('',#8239);
#8239=AXIS2_PLACEMENT_3D('',#8240,#8241,#8242);
#8240=CARTESIAN_POINT('',(1.067,-0.813,4.216));
#8241=DIRECTION('',(-0.707,0.0,0.707));
#8242=DIRECTION('',(0.,0.,1.));
#8243=FACE_OUTER_BOUND('',#8244,.T.);
#8244=EDGE_LOOP('',(#8245,#8255,#8265,#8275));
#8246=EDGE_CURVE('',#8102,#8198,#8251,.T.);
#8251=LINE('',#8103,#8253);
#8253=VECTOR('',#8254,0.406399994550218);
#8254=DIRECTION('',(0.0,1.0,0.0));
#8245=ORIENTED_EDGE('',*,*,#8246,.F.);
#8255=ORIENTED_EDGE('',*,*,#8129,.T.);
#8265=ORIENTED_EDGE('',*,*,#8050,.T.);
#8275=ORIENTED_EDGE('',*,*,#8207,.T.);
#8285=STYLED_ITEM('',(#34),#8286);
#8286=ADVANCED_FACE('',(#8292),#8287,.T.);
#8287=PLANE('',#8288);
#8288=AXIS2_PLACEMENT_3D('',#8289,#8290,#8291);
#8289=CARTESIAN_POINT('',(1.067,-1.219,1.88));
#8290=DIRECTION('',(0.0,-1.0,0.0));
#8291=DIRECTION('',(0.,0.,1.));
#8292=FACE_OUTER_BOUND('',#8293,.T.);
#8293=EDGE_LOOP('',(#8294,#8304,#8314,#8324));
#8297=CARTESIAN_POINT('',(1.473,-1.219,1.88));
#8296=VERTEX_POINT('',#8297);
#8299=CARTESIAN_POINT('',(1.067,-1.219,1.88));
#8298=VERTEX_POINT('',#8299);
#8295=EDGE_CURVE('',#8296,#8298,#8300,.T.);
#8300=LINE('',#8297,#8302);
#8302=VECTOR('',#8303,0.406400016339228);
#8303=DIRECTION('',(-1.0,0.0,0.0));
#8294=ORIENTED_EDGE('',*,*,#8295,.F.);
#8305=EDGE_CURVE('',#8100,#8296,#8310,.T.);
#8310=LINE('',#8101,#8312);
#8312=VECTOR('',#8313,2.3368254);
#8313=DIRECTION('',(0.0,0.0,-1.0));
#8304=ORIENTED_EDGE('',*,*,#8305,.F.);
#8314=ORIENTED_EDGE('',*,*,#8099,.T.);
#8325=EDGE_CURVE('',#8298,#8102,#8330,.T.);
#8330=LINE('',#8299,#8332);
#8332=VECTOR('',#8333,2.3368254);
#8333=DIRECTION('',(0.0,0.0,1.0));
#8324=ORIENTED_EDGE('',*,*,#8325,.F.);
#8334=STYLED_ITEM('',(#34),#8335);
#8335=ADVANCED_FACE('',(#8341),#8336,.T.);
#8336=PLANE('',#8337);
#8337=AXIS2_PLACEMENT_3D('',#8338,#8339,#8340);
#8338=CARTESIAN_POINT('',(1.473,-1.219,1.88));
#8339=DIRECTION('',(1.0,0.0,0.0));
#8340=DIRECTION('',(0.,0.,1.));
#8341=FACE_OUTER_BOUND('',#8342,.T.);
#8342=EDGE_LOOP('',(#8343,#8353,#8363,#8373));
#8346=CARTESIAN_POINT('',(1.473,-0.813,1.88));
#8345=VERTEX_POINT('',#8346);
#8344=EDGE_CURVE('',#8345,#8296,#8349,.T.);
#8349=LINE('',#8346,#8351);
#8351=VECTOR('',#8352,0.406399994550218);
#8352=DIRECTION('',(0.0,-1.0,0.0));
#8343=ORIENTED_EDGE('',*,*,#8344,.F.);
#8354=EDGE_CURVE('',#8149,#8345,#8359,.T.);
#8359=LINE('',#8150,#8361);
#8361=VECTOR('',#8362,2.3368254);
#8362=DIRECTION('',(0.0,0.0,-1.0));
#8353=ORIENTED_EDGE('',*,*,#8354,.F.);
#8363=ORIENTED_EDGE('',*,*,#8148,.T.);
#8373=ORIENTED_EDGE('',*,*,#8305,.T.);
#8383=STYLED_ITEM('',(#34),#8384);
#8384=ADVANCED_FACE('',(#8390),#8385,.T.);
#8385=PLANE('',#8386);
#8386=AXIS2_PLACEMENT_3D('',#8387,#8388,#8389);
#8387=CARTESIAN_POINT('',(1.473,-0.813,1.88));
#8388=DIRECTION('',(0.0,1.0,0.0));
#8389=DIRECTION('',(0.,0.,1.));
#8390=FACE_OUTER_BOUND('',#8391,.T.);
#8391=EDGE_LOOP('',(#8392,#8402,#8412,#8422));
#8395=CARTESIAN_POINT('',(1.067,-0.813,1.88));
#8394=VERTEX_POINT('',#8395);
#8393=EDGE_CURVE('',#8394,#8345,#8398,.T.);
#8398=LINE('',#8395,#8400);
#8400=VECTOR('',#8401,0.406399994560336);
#8401=DIRECTION('',(1.0,0.0,0.0));
#8392=ORIENTED_EDGE('',*,*,#8393,.F.);
#8403=EDGE_CURVE('',#8198,#8394,#8408,.T.);
#8408=LINE('',#8199,#8410);
#8410=VECTOR('',#8411,2.3368254);
#8411=DIRECTION('',(0.0,0.0,-1.0));
#8402=ORIENTED_EDGE('',*,*,#8403,.F.);
#8412=ORIENTED_EDGE('',*,*,#8197,.T.);
#8422=ORIENTED_EDGE('',*,*,#8354,.T.);
#8432=STYLED_ITEM('',(#34),#8433);
#8433=ADVANCED_FACE('',(#8439),#8434,.T.);
#8434=PLANE('',#8435);
#8435=AXIS2_PLACEMENT_3D('',#8436,#8437,#8438);
#8436=CARTESIAN_POINT('',(1.067,-0.813,1.88));
#8437=DIRECTION('',(-1.0,0.0,0.0));
#8438=DIRECTION('',(0.,0.,1.));
#8439=FACE_OUTER_BOUND('',#8440,.T.);
#8440=EDGE_LOOP('',(#8441,#8451,#8461,#8471));
#8442=EDGE_CURVE('',#8298,#8394,#8447,.T.);
#8447=LINE('',#8299,#8449);
#8449=VECTOR('',#8450,0.406399994550218);
#8450=DIRECTION('',(0.0,1.0,0.0));
#8441=ORIENTED_EDGE('',*,*,#8442,.F.);
#8451=ORIENTED_EDGE('',*,*,#8325,.T.);
#8461=ORIENTED_EDGE('',*,*,#8246,.T.);
#8471=ORIENTED_EDGE('',*,*,#8403,.T.);
#8481=STYLED_ITEM('',(#34),#8482);
#8482=ADVANCED_FACE('',(#8488),#8483,.T.);
#8483=PLANE('',#8484);
#8484=AXIS2_PLACEMENT_3D('',#8485,#8486,#8487);
#8485=CARTESIAN_POINT('',(1.473,-0.813,1.88));
#8486=DIRECTION('',(0.0,0.0,-1.0));
#8487=DIRECTION('',(0.,1.,0.));
#8488=FACE_OUTER_BOUND('',#8489,.T.);
#8489=EDGE_LOOP('',(#8490,#8500,#8510,#8520));
#8490=ORIENTED_EDGE('',*,*,#8344,.T.);
#8500=ORIENTED_EDGE('',*,*,#8295,.T.);
#8510=ORIENTED_EDGE('',*,*,#8442,.T.);
#8520=ORIENTED_EDGE('',*,*,#8393,.T.);
#8530=STYLED_ITEM('',(#34),#8531);
#8531=ADVANCED_FACE('',(#8537),#8532,.T.);
#8532=PLANE('',#8533);
#8533=AXIS2_PLACEMENT_3D('',#8534,#8535,#8536);
#8534=CARTESIAN_POINT('',(1.067,-0.813,0.61));
#8535=DIRECTION('',(0.0,0.0,1.0));
#8536=DIRECTION('',(0.,1.,0.));
#8537=FACE_OUTER_BOUND('',#8538,.T.);
#8538=EDGE_LOOP('',(#8539,#8549,#8559,#8569));
#8542=CARTESIAN_POINT('',(1.067,-1.219,0.61));
#8541=VERTEX_POINT('',#8542);
#8544=CARTESIAN_POINT('',(1.067,-0.813,0.61));
#8543=VERTEX_POINT('',#8544);
#8540=EDGE_CURVE('',#8541,#8543,#8545,.T.);
#8545=LINE('',#8542,#8547);
#8547=VECTOR('',#8548,0.406399994550218);
#8548=DIRECTION('',(0.0,1.0,0.0));
#8539=ORIENTED_EDGE('',*,*,#8540,.F.);
#8552=CARTESIAN_POINT('',(1.473,-1.219,0.61));
#8551=VERTEX_POINT('',#8552);
#8550=EDGE_CURVE('',#8551,#8541,#8555,.T.);
#8555=LINE('',#8552,#8557);
#8557=VECTOR('',#8558,0.406400016339228);
#8558=DIRECTION('',(-1.0,0.0,0.0));
#8549=ORIENTED_EDGE('',*,*,#8550,.F.);
#8562=CARTESIAN_POINT('',(1.473,-0.813,0.61));
#8561=VERTEX_POINT('',#8562);
#8560=EDGE_CURVE('',#8561,#8551,#8565,.T.);
#8565=LINE('',#8562,#8567);
#8567=VECTOR('',#8568,0.406399994550218);
#8568=DIRECTION('',(0.0,-1.0,0.0));
#8559=ORIENTED_EDGE('',*,*,#8560,.F.);
#8570=EDGE_CURVE('',#8543,#8561,#8575,.T.);
#8575=LINE('',#8544,#8577);
#8577=VECTOR('',#8578,0.406399994560336);
#8578=DIRECTION('',(1.0,0.0,0.0));
#8569=ORIENTED_EDGE('',*,*,#8570,.F.);
#8579=STYLED_ITEM('',(#34),#8580);
#8580=ADVANCED_FACE('',(#8586),#8581,.T.);
#8581=PLANE('',#8582);
#8582=AXIS2_PLACEMENT_3D('',#8583,#8584,#8585);
#8583=CARTESIAN_POINT('',(1.067,-1.219,0.508));
#8584=DIRECTION('',(0.0,-1.0,0.0));
#8585=DIRECTION('',(0.,0.,1.));
#8586=FACE_OUTER_BOUND('',#8587,.T.);
#8587=EDGE_LOOP('',(#8588,#8598,#8608,#8618));
#8591=CARTESIAN_POINT('',(1.473,-1.219,0.508));
#8590=VERTEX_POINT('',#8591);
#8593=CARTESIAN_POINT('',(1.067,-1.219,0.508));
#8592=VERTEX_POINT('',#8593);
#8589=EDGE_CURVE('',#8590,#8592,#8594,.T.);
#8594=LINE('',#8591,#8596);
#8596=VECTOR('',#8597,0.406400016339228);
#8597=DIRECTION('',(-1.0,0.0,0.0));
#8588=ORIENTED_EDGE('',*,*,#8589,.F.);
#8599=EDGE_CURVE('',#8551,#8590,#8604,.T.);
#8604=LINE('',#8552,#8606);
#8606=VECTOR('',#8607,0.10159365);
#8607=DIRECTION('',(0.0,0.0,-1.0));
#8598=ORIENTED_EDGE('',*,*,#8599,.F.);
#8608=ORIENTED_EDGE('',*,*,#8550,.T.);
#8619=EDGE_CURVE('',#8592,#8541,#8624,.T.);
#8624=LINE('',#8593,#8626);
#8626=VECTOR('',#8627,0.10159365);
#8627=DIRECTION('',(0.0,0.0,1.0));
#8618=ORIENTED_EDGE('',*,*,#8619,.F.);
#8628=STYLED_ITEM('',(#34),#8629);
#8629=ADVANCED_FACE('',(#8635),#8630,.T.);
#8630=PLANE('',#8631);
#8631=AXIS2_PLACEMENT_3D('',#8632,#8633,#8634);
#8632=CARTESIAN_POINT('',(1.473,-0.813,0.508));
#8633=DIRECTION('',(0.0,1.0,0.0));
#8634=DIRECTION('',(0.,0.,1.));
#8635=FACE_OUTER_BOUND('',#8636,.T.);
#8636=EDGE_LOOP('',(#8637,#8647,#8657,#8667));
#8640=CARTESIAN_POINT('',(1.067,-0.813,0.508));
#8639=VERTEX_POINT('',#8640);
#8642=CARTESIAN_POINT('',(1.473,-0.813,0.508));
#8641=VERTEX_POINT('',#8642);
#8638=EDGE_CURVE('',#8639,#8641,#8643,.T.);
#8643=LINE('',#8640,#8645);
#8645=VECTOR('',#8646,0.406399994560336);
#8646=DIRECTION('',(1.0,0.0,0.0));
#8637=ORIENTED_EDGE('',*,*,#8638,.F.);
#8648=EDGE_CURVE('',#8543,#8639,#8653,.T.);
#8653=LINE('',#8544,#8655);
#8655=VECTOR('',#8656,0.10159365);
#8656=DIRECTION('',(0.0,0.0,-1.0));
#8647=ORIENTED_EDGE('',*,*,#8648,.F.);
#8657=ORIENTED_EDGE('',*,*,#8570,.T.);
#8668=EDGE_CURVE('',#8641,#8561,#8673,.T.);
#8673=LINE('',#8642,#8675);
#8675=VECTOR('',#8676,0.10159365);
#8676=DIRECTION('',(0.0,0.0,1.0));
#8667=ORIENTED_EDGE('',*,*,#8668,.F.);
#8677=STYLED_ITEM('',(#34),#8678);
#8678=ADVANCED_FACE('',(#8684),#8679,.T.);
#8679=PLANE('',#8680);
#8680=AXIS2_PLACEMENT_3D('',#8681,#8682,#8683);
#8681=CARTESIAN_POINT('',(1.067,-1.321,0.406));
#8682=DIRECTION('',(0.0,0.0,1.0));
#8683=DIRECTION('',(0.,1.,0.));
#8684=FACE_OUTER_BOUND('',#8685,.T.);
#8685=EDGE_LOOP('',(#8686,#8696,#8706,#8716));
#8689=CARTESIAN_POINT('',(1.067,-3.023,0.406));
#8688=VERTEX_POINT('',#8689);
#8691=CARTESIAN_POINT('',(1.067,-1.321,0.406));
#8690=VERTEX_POINT('',#8691);
#8687=EDGE_CURVE('',#8688,#8690,#8692,.T.);
#8692=LINE('',#8689,#8694);
#8694=VECTOR('',#8695,1.70180634831321);
#8695=DIRECTION('',(0.0,1.0,0.0));
#8686=ORIENTED_EDGE('',*,*,#8687,.F.);
#8699=CARTESIAN_POINT('',(1.473,-3.023,0.406));
#8698=VERTEX_POINT('',#8699);
#8697=EDGE_CURVE('',#8698,#8688,#8702,.T.);
#8702=LINE('',#8699,#8704);
#8704=VECTOR('',#8705,0.406400208164094);
#8705=DIRECTION('',(-1.0,0.0,0.0));
#8696=ORIENTED_EDGE('',*,*,#8697,.F.);
#8709=CARTESIAN_POINT('',(1.473,-1.321,0.406));
#8708=VERTEX_POINT('',#8709);
#8707=EDGE_CURVE('',#8708,#8698,#8712,.T.);
#8712=LINE('',#8709,#8714);
#8714=VECTOR('',#8715,1.70180634831321);
#8715=DIRECTION('',(0.0,-1.0,0.0));
#8706=ORIENTED_EDGE('',*,*,#8707,.F.);
#8717=EDGE_CURVE('',#8690,#8708,#8722,.T.);
#8722=LINE('',#8691,#8724);
#8724=VECTOR('',#8725,0.406400026558929);
#8725=DIRECTION('',(1.0,0.0,0.0));
#8716=ORIENTED_EDGE('',*,*,#8717,.F.);
#8775=STYLED_ITEM('',(#34),#8776);
#8776=ADVANCED_FACE('',(#8782),#8777,.T.);
#8777=PLANE('',#8778);
#8778=AXIS2_PLACEMENT_3D('',#8779,#8780,#8781);
#8779=CARTESIAN_POINT('',(1.473,-1.321,0.0));
#8780=DIRECTION('',(0.0,0.0,-1.0));
#8781=DIRECTION('',(0.,1.,0.));
#8782=FACE_OUTER_BOUND('',#8783,.T.);
#8783=EDGE_LOOP('',(#8784,#8794,#8804,#8814));
#8787=CARTESIAN_POINT('',(1.473,-3.023,0.0));
#8786=VERTEX_POINT('',#8787);
#8789=CARTESIAN_POINT('',(1.473,-1.321,0.0));
#8788=VERTEX_POINT('',#8789);
#8785=EDGE_CURVE('',#8786,#8788,#8790,.T.);
#8790=LINE('',#8787,#8792);
#8792=VECTOR('',#8793,1.70180634831321);
#8793=DIRECTION('',(0.0,1.0,0.0));
#8784=ORIENTED_EDGE('',*,*,#8785,.F.);
#8797=CARTESIAN_POINT('',(1.067,-3.023,0.0));
#8796=VERTEX_POINT('',#8797);
#8795=EDGE_CURVE('',#8796,#8786,#8800,.T.);
#8800=LINE('',#8797,#8802);
#8802=VECTOR('',#8803,0.406400208164094);
#8803=DIRECTION('',(1.0,0.0,0.0));
#8794=ORIENTED_EDGE('',*,*,#8795,.F.);
#8807=CARTESIAN_POINT('',(1.067,-1.321,0.0));
#8806=VERTEX_POINT('',#8807);
#8805=EDGE_CURVE('',#8806,#8796,#8810,.T.);
#8810=LINE('',#8807,#8812);
#8812=VECTOR('',#8813,1.70180634831321);
#8813=DIRECTION('',(0.0,-1.0,0.0));
#8804=ORIENTED_EDGE('',*,*,#8805,.F.);
#8815=EDGE_CURVE('',#8788,#8806,#8820,.T.);
#8820=LINE('',#8789,#8822);
#8822=VECTOR('',#8823,0.406400026558929);
#8823=DIRECTION('',(-1.0,0.0,0.0));
#8814=ORIENTED_EDGE('',*,*,#8815,.F.);
#8873=STYLED_ITEM('',(#34),#8874);
#8874=ADVANCED_FACE('',(#8880),#8875,.T.);
#8875=PLANE('',#8876);
#8876=AXIS2_PLACEMENT_3D('',#8877,#8878,#8879);
#8877=CARTESIAN_POINT('',(1.168,-3.124,0.305));
#8878=DIRECTION('',(0.0,-0.707,0.707));
#8879=DIRECTION('',(0.,0.,1.));
#8880=FACE_OUTER_BOUND('',#8881,.T.);
#8881=EDGE_LOOP('',(#8882,#8892,#8902,#8912));
#8885=CARTESIAN_POINT('',(1.372,-3.124,0.305));
#8884=VERTEX_POINT('',#8885);
#8887=CARTESIAN_POINT('',(1.168,-3.124,0.305));
#8886=VERTEX_POINT('',#8887);
#8883=EDGE_CURVE('',#8884,#8886,#8888,.T.);
#8888=LINE('',#8885,#8890);
#8890=VECTOR('',#8891,0.203200222495685);
#8891=DIRECTION('',(-1.0,0.0,0.0));
#8882=ORIENTED_EDGE('',*,*,#8883,.F.);
#8893=EDGE_CURVE('',#8698,#8884,#8898,.T.);
#8898=LINE('',#8699,#8900);
#8900=VECTOR('',#8901,0.175976360901697);
#8901=DIRECTION('',(-0.577,-0.577,-0.577));
#8892=ORIENTED_EDGE('',*,*,#8893,.F.);
#8902=ORIENTED_EDGE('',*,*,#8697,.T.);
#8913=EDGE_CURVE('',#8886,#8688,#8918,.T.);
#8918=LINE('',#8887,#8920);
#8920=VECTOR('',#8921,0.175976360901697);
#8921=DIRECTION('',(-0.577,0.577,0.577));
#8912=ORIENTED_EDGE('',*,*,#8913,.F.);
#8922=STYLED_ITEM('',(#34),#8923);
#8923=ADVANCED_FACE('',(#8929),#8924,.T.);
#8924=PLANE('',#8925);
#8925=AXIS2_PLACEMENT_3D('',#8926,#8927,#8928);
#8926=CARTESIAN_POINT('',(1.067,-3.023,0.0));
#8927=DIRECTION('',(-0.707,-0.707,0.0));
#8928=DIRECTION('',(0.,0.,1.));
#8929=FACE_OUTER_BOUND('',#8930,.T.);
#8930=EDGE_LOOP('',(#8931,#8941,#8951,#8961));
#8934=CARTESIAN_POINT('',(1.168,-3.124,0.102));
#8933=VERTEX_POINT('',#8934);
#8932=EDGE_CURVE('',#8933,#8796,#8937,.T.);
#8937=LINE('',#8934,#8939);
#8939=VECTOR('',#8940,0.175976360901697);
#8940=DIRECTION('',(-0.577,0.577,-0.577));
#8931=ORIENTED_EDGE('',*,*,#8932,.F.);
#8942=EDGE_CURVE('',#8886,#8933,#8947,.T.);
#8947=LINE('',#8887,#8949);
#8949=VECTOR('',#8950,0.2032);
#8950=DIRECTION('',(0.0,0.0,-1.0));
#8941=ORIENTED_EDGE('',*,*,#8942,.F.);
#8951=ORIENTED_EDGE('',*,*,#8913,.T.);
#8962=EDGE_CURVE('',#8796,#8688,#8967,.T.);
#8967=LINE('',#8797,#8969);
#8969=VECTOR('',#8970,0.4064);
#8970=DIRECTION('',(0.0,0.0,1.0));
#8961=ORIENTED_EDGE('',*,*,#8962,.F.);
#8971=STYLED_ITEM('',(#34),#8972);
#8972=ADVANCED_FACE('',(#8978),#8973,.T.);
#8973=PLANE('',#8974);
#8974=AXIS2_PLACEMENT_3D('',#8975,#8976,#8977);
#8975=CARTESIAN_POINT('',(1.067,-3.023,0.0));
#8976=DIRECTION('',(0.0,-0.707,-0.707));
#8977=DIRECTION('',(0.,0.,1.));
#8978=FACE_OUTER_BOUND('',#8979,.T.);
#8979=EDGE_LOOP('',(#8980,#8990,#9000,#9010));
#8980=ORIENTED_EDGE('',*,*,#8795,.T.);
#8993=CARTESIAN_POINT('',(1.372,-3.124,0.102));
#8992=VERTEX_POINT('',#8993);
#8991=EDGE_CURVE('',#8992,#8786,#8996,.T.);
#8996=LINE('',#8993,#8998);
#8998=VECTOR('',#8999,0.175976360901697);
#8999=DIRECTION('',(0.577,0.577,-0.577));
#8990=ORIENTED_EDGE('',*,*,#8991,.F.);
#9001=EDGE_CURVE('',#8933,#8992,#9006,.T.);
#9006=LINE('',#8934,#9008);
#9008=VECTOR('',#9009,0.203200222495685);
#9009=DIRECTION('',(1.0,0.0,0.0));
#9000=ORIENTED_EDGE('',*,*,#9001,.F.);
#9010=ORIENTED_EDGE('',*,*,#8932,.T.);
#9020=STYLED_ITEM('',(#34),#9021);
#9021=ADVANCED_FACE('',(#9027),#9022,.T.);
#9022=PLANE('',#9023);
#9023=AXIS2_PLACEMENT_3D('',#9024,#9025,#9026);
#9024=CARTESIAN_POINT('',(1.372,-3.124,0.102));
#9025=DIRECTION('',(0.707,-0.707,0.0));
#9026=DIRECTION('',(0.,0.,1.));
#9027=FACE_OUTER_BOUND('',#9028,.T.);
#9028=EDGE_LOOP('',(#9029,#9039,#9049,#9059));
#9029=ORIENTED_EDGE('',*,*,#8991,.T.);
#9040=EDGE_CURVE('',#8698,#8786,#9045,.T.);
#9045=LINE('',#8699,#9047);
#9047=VECTOR('',#9048,0.4064);
#9048=DIRECTION('',(0.0,0.0,-1.0));
#9039=ORIENTED_EDGE('',*,*,#9040,.F.);
#9049=ORIENTED_EDGE('',*,*,#8893,.T.);
#9060=EDGE_CURVE('',#8992,#8884,#9065,.T.);
#9065=LINE('',#8993,#9067);
#9067=VECTOR('',#9068,0.2032);
#9068=DIRECTION('',(0.0,0.0,1.0));
#9059=ORIENTED_EDGE('',*,*,#9060,.F.);
#9069=STYLED_ITEM('',(#34),#9070);
#9070=ADVANCED_FACE('',(#9076),#9071,.T.);
#9071=PLANE('',#9072);
#9072=AXIS2_PLACEMENT_3D('',#9073,#9074,#9075);
#9073=CARTESIAN_POINT('',(1.168,-3.124,0.102));
#9074=DIRECTION('',(0.0,-1.0,0.0));
#9075=DIRECTION('',(0.,0.,1.));
#9076=FACE_OUTER_BOUND('',#9077,.T.);
#9077=EDGE_LOOP('',(#9078,#9088,#9098,#9108));
#9078=ORIENTED_EDGE('',*,*,#9001,.T.);
#9088=ORIENTED_EDGE('',*,*,#9060,.T.);
#9098=ORIENTED_EDGE('',*,*,#8883,.T.);
#9108=ORIENTED_EDGE('',*,*,#8942,.T.);
#9118=STYLED_ITEM($,(#34),#9119);
#9119=ADVANCED_FACE($,(#9125),#9120,.F.);
#9120=CYLINDRICAL_SURFACE($,#9121,0.10159365);
#9121=AXIS2_PLACEMENT_3D($,#9122,#9123,#9124);
#9122=CARTESIAN_POINT('',(1.067,-1.321,0.508));
#9123=DIRECTION('',(-1.0,0.0,0.0));
#9124=DIRECTION('',(0.,0.,1.));
#9125=FACE_OUTER_BOUND($,#9126,.T.);
#9126=EDGE_LOOP($,(#9138,#9148,#9159,#9127));
#9138=ORIENTED_EDGE('',*,*,#8717,.T.);
#9149=EDGE_CURVE($,#8590,#8708,#9154,.T.);
#9154=CIRCLE($,#9155,0.10159365);
#9156=CARTESIAN_POINT('',(1.473,-1.321,0.508));
#9155=AXIS2_PLACEMENT_3D($,#9156,#9157,#9158);
#9157=DIRECTION('',(-1.0,0.0,0.0));
#9158=DIRECTION('',(0.0,-0.707,-0.707));
#9148=ORIENTED_EDGE('',*,*,#9149,.F.);
#9159=ORIENTED_EDGE('',*,*,#8589,.T.);
#9128=EDGE_CURVE($,#8690,#8592,#9133,.T.);
#9133=CIRCLE($,#9134,0.10159365);
#9135=CARTESIAN_POINT('',(1.067,-1.321,0.508));
#9134=AXIS2_PLACEMENT_3D($,#9135,#9136,#9137);
#9136=DIRECTION('',(1.0,0.0,0.0));
#9137=DIRECTION('',(0.0,0.707,0.707));
#9127=ORIENTED_EDGE('',*,*,#9128,.F.);
#9169=STYLED_ITEM($,(#34),#9170);
#9170=ADVANCED_FACE($,(#9176),#9171,.T.);
#9171=CYLINDRICAL_SURFACE($,#9172,0.50799365);
#9172=AXIS2_PLACEMENT_3D($,#9173,#9174,#9175);
#9173=CARTESIAN_POINT('',(1.067,-1.321,0.508));
#9174=DIRECTION('',(1.0,0.0,0.0));
#9175=DIRECTION('',(0.,0.,1.));
#9176=FACE_OUTER_BOUND($,#9177,.T.);
#9177=EDGE_LOOP($,(#9189,#9199,#9210,#9178));
#9189=ORIENTED_EDGE('',*,*,#8815,.T.);
#9200=EDGE_CURVE($,#8639,#8806,#9205,.T.);
#9205=CIRCLE($,#9206,0.50799365);
#9206=AXIS2_PLACEMENT_3D($,#9135,#9208,#9209);
#9208=DIRECTION('',(-1.0,0.0,0.0));
#9209=DIRECTION('',(0.0,-0.707,-0.707));
#9199=ORIENTED_EDGE('',*,*,#9200,.F.);
#9210=ORIENTED_EDGE('',*,*,#8638,.T.);
#9179=EDGE_CURVE($,#8788,#8641,#9184,.T.);
#9184=CIRCLE($,#9185,0.50799365);
#9185=AXIS2_PLACEMENT_3D($,#9156,#9187,#9188);
#9187=DIRECTION('',(1.0,0.0,0.0));
#9188=DIRECTION('',(0.0,0.707,0.707));
#9178=ORIENTED_EDGE('',*,*,#9179,.F.);
#9220=STYLED_ITEM('color',(#34),#9221);
#9221=ADVANCED_FACE($,(#9227),#9222,.T.);
#9222=PLANE($,#9223);
#9223=AXIS2_PLACEMENT_3D($,#9224,#9225,#9226);
#9224=CARTESIAN_POINT('',(1.067,-0.813,0.508));
#9225=DIRECTION('',(-1.0,0.0,0.0));
#9226=DIRECTION('',(1.,0.,0.));
#9227=FACE_OUTER_BOUND($,#9228,.T.);
#9228=EDGE_LOOP($,(#9231, #9241, #9251, #9261, #9272, #9282, #9292, #9302));
#9231=ORIENTED_EDGE('',*,*,#8619,.T.);
#9241=ORIENTED_EDGE('',*,*,#8540,.T.);
#9251=ORIENTED_EDGE('',*,*,#8648,.T.);
#9261=ORIENTED_EDGE('',*,*,#9200,.T.);
#9272=ORIENTED_EDGE('',*,*,#8805,.T.);
#9282=ORIENTED_EDGE('',*,*,#8962,.T.);
#9292=ORIENTED_EDGE('',*,*,#8687,.T.);
#9302=ORIENTED_EDGE('',*,*,#9128,.T.);
#9313=STYLED_ITEM('color',(#34),#9314);
#9314=ADVANCED_FACE($,(#9320),#9315,.T.);
#9315=PLANE($,#9316);
#9316=AXIS2_PLACEMENT_3D($,#9317,#9318,#9319);
#9317=CARTESIAN_POINT('',(1.473,-0.813,0.508));
#9318=DIRECTION('',(1.0,0.0,0.0));
#9319=DIRECTION('',(-1.,0.,0.));
#9320=FACE_OUTER_BOUND($,#9321,.T.);
#9321=EDGE_LOOP($,(#9324, #9334, #9344, #9354, #9365, #9375, #9385, #9395));
#9324=ORIENTED_EDGE('',*,*,#8668,.T.);
#9334=ORIENTED_EDGE('',*,*,#8560,.T.);
#9344=ORIENTED_EDGE('',*,*,#8599,.T.);
#9354=ORIENTED_EDGE('',*,*,#9149,.T.);
#9365=ORIENTED_EDGE('',*,*,#8707,.T.);
#9375=ORIENTED_EDGE('',*,*,#9040,.T.);
#9385=ORIENTED_EDGE('',*,*,#8785,.T.);
#9395=ORIENTED_EDGE('',*,*,#9179,.T.);
#9406=MANIFOLD_SOLID_BREP($,#9407);
#9407=CLOSED_SHELL('',(#9411,#9460,#9509,#9558,#9607,#9656,#9705,#9754,#9803,#9852));
#9408=MANIFOLD_SOLID_BREP($,#9409);
#9409=CLOSED_SHELL('',(#9901,#9950,#9999,#10048,#10146,#10244,#10293,#10342,#10391,#10440,#10489,#10540,#10591,#10684));
#9410=STYLED_ITEM('',(#34),#9411);
#9411=ADVANCED_FACE('',(#9417),#9412,.T.);
#9412=PLANE('',#9413);
#9413=AXIS2_PLACEMENT_3D('',#9414,#9415,#9416);
#9414=CARTESIAN_POINT('',(-0.102,-0.914,4.318));
#9415=DIRECTION('',(0.0,0.0,1.0));
#9416=DIRECTION('',(0.,1.,0.));
#9417=FACE_OUTER_BOUND('',#9418,.T.);
#9418=EDGE_LOOP('',(#9419,#9429,#9439,#9449));
#9422=CARTESIAN_POINT('',(-0.102,-1.118,4.318));
#9421=VERTEX_POINT('',#9422);
#9424=CARTESIAN_POINT('',(-0.102,-0.914,4.318));
#9423=VERTEX_POINT('',#9424);
#9420=EDGE_CURVE('',#9421,#9423,#9425,.T.);
#9425=LINE('',#9422,#9427);
#9427=VECTOR('',#9428,0.203199997275109);
#9428=DIRECTION('',(0.0,1.0,0.0));
#9419=ORIENTED_EDGE('',*,*,#9420,.F.);
#9432=CARTESIAN_POINT('',(0.102,-1.118,4.318));
#9431=VERTEX_POINT('',#9432);
#9430=EDGE_CURVE('',#9431,#9421,#9435,.T.);
#9435=LINE('',#9432,#9437);
#9437=VECTOR('',#9438,0.203200008169614);
#9438=DIRECTION('',(-1.0,0.0,0.0));
#9429=ORIENTED_EDGE('',*,*,#9430,.F.);
#9442=CARTESIAN_POINT('',(0.102,-0.914,4.318));
#9441=VERTEX_POINT('',#9442);
#9440=EDGE_CURVE('',#9441,#9431,#9445,.T.);
#9445=LINE('',#9442,#9447);
#9447=VECTOR('',#9448,0.203199997275109);
#9448=DIRECTION('',(0.0,-1.0,0.0));
#9439=ORIENTED_EDGE('',*,*,#9440,.F.);
#9450=EDGE_CURVE('',#9423,#9441,#9455,.T.);
#9455=LINE('',#9424,#9457);
#9457=VECTOR('',#9458,0.203199997280168);
#9458=DIRECTION('',(1.0,0.0,0.0));
#9449=ORIENTED_EDGE('',*,*,#9450,.F.);
#9459=STYLED_ITEM('',(#34),#9460);
#9460=ADVANCED_FACE('',(#9466),#9461,.T.);
#9461=PLANE('',#9462);
#9462=AXIS2_PLACEMENT_3D('',#9463,#9464,#9465);
#9463=CARTESIAN_POINT('',(-0.203,-1.219,4.216));
#9464=DIRECTION('',(0.0,-0.707,0.707));
#9465=DIRECTION('',(0.,0.,1.));
#9466=FACE_OUTER_BOUND('',#9467,.T.);
#9467=EDGE_LOOP('',(#9468,#9478,#9488,#9498));
#9471=CARTESIAN_POINT('',(0.203,-1.219,4.216));
#9470=VERTEX_POINT('',#9471);
#9473=CARTESIAN_POINT('',(-0.203,-1.219,4.216));
#9472=VERTEX_POINT('',#9473);
#9469=EDGE_CURVE('',#9470,#9472,#9474,.T.);
#9474=LINE('',#9471,#9476);
#9476=VECTOR('',#9477,0.406400016339228);
#9477=DIRECTION('',(-1.0,0.0,0.0));
#9468=ORIENTED_EDGE('',*,*,#9469,.F.);
#9479=EDGE_CURVE('',#9431,#9470,#9484,.T.);
#9484=LINE('',#9432,#9486);
#9486=VECTOR('',#9487,0.175976362048998);
#9487=DIRECTION('',(0.577,-0.577,-0.577));
#9478=ORIENTED_EDGE('',*,*,#9479,.F.);
#9488=ORIENTED_EDGE('',*,*,#9430,.T.);
#9499=EDGE_CURVE('',#9472,#9421,#9504,.T.);
#9504=LINE('',#9473,#9506);
#9506=VECTOR('',#9507,0.175976362048998);
#9507=DIRECTION('',(0.577,0.577,0.577));
#9498=ORIENTED_EDGE('',*,*,#9499,.F.);
#9508=STYLED_ITEM('',(#34),#9509);
#9509=ADVANCED_FACE('',(#9515),#9510,.T.);
#9510=PLANE('',#9511);
#9511=AXIS2_PLACEMENT_3D('',#9512,#9513,#9514);
#9512=CARTESIAN_POINT('',(0.203,-1.219,4.216));
#9513=DIRECTION('',(0.707,0.0,0.707));
#9514=DIRECTION('',(0.,0.,1.));
#9515=FACE_OUTER_BOUND('',#9516,.T.);
#9516=EDGE_LOOP('',(#9517,#9527,#9537,#9547));
#9520=CARTESIAN_POINT('',(0.203,-0.813,4.216));
#9519=VERTEX_POINT('',#9520);
#9518=EDGE_CURVE('',#9519,#9470,#9523,.T.);
#9523=LINE('',#9520,#9525);
#9525=VECTOR('',#9526,0.406399994550218);
#9526=DIRECTION('',(0.0,-1.0,0.0));
#9517=ORIENTED_EDGE('',*,*,#9518,.F.);
#9528=EDGE_CURVE('',#9441,#9519,#9533,.T.);
#9533=LINE('',#9442,#9535);
#9535=VECTOR('',#9536,0.175976362048998);
#9536=DIRECTION('',(0.577,0.577,-0.577));
#9527=ORIENTED_EDGE('',*,*,#9528,.F.);
#9537=ORIENTED_EDGE('',*,*,#9440,.T.);
#9547=ORIENTED_EDGE('',*,*,#9479,.T.);
#9557=STYLED_ITEM('',(#34),#9558);
#9558=ADVANCED_FACE('',(#9564),#9559,.T.);
#9559=PLANE('',#9560);
#9560=AXIS2_PLACEMENT_3D('',#9561,#9562,#9563);
#9561=CARTESIAN_POINT('',(0.203,-0.813,4.216));
#9562=DIRECTION('',(0.0,0.707,0.707));
#9563=DIRECTION('',(0.,0.,1.));
#9564=FACE_OUTER_BOUND('',#9565,.T.);
#9565=EDGE_LOOP('',(#9566,#9576,#9586,#9596));
#9569=CARTESIAN_POINT('',(-0.203,-0.813,4.216));
#9568=VERTEX_POINT('',#9569);
#9567=EDGE_CURVE('',#9568,#9519,#9572,.T.);
#9572=LINE('',#9569,#9574);
#9574=VECTOR('',#9575,0.406399994560336);
#9575=DIRECTION('',(1.0,0.0,0.0));
#9566=ORIENTED_EDGE('',*,*,#9567,.F.);
#9577=EDGE_CURVE('',#9423,#9568,#9582,.T.);
#9582=LINE('',#9424,#9584);
#9584=VECTOR('',#9585,0.175976362048998);
#9585=DIRECTION('',(-0.577,0.577,-0.577));
#9576=ORIENTED_EDGE('',*,*,#9577,.F.);
#9586=ORIENTED_EDGE('',*,*,#9450,.T.);
#9596=ORIENTED_EDGE('',*,*,#9528,.T.);
#9606=STYLED_ITEM('',(#34),#9607);
#9607=ADVANCED_FACE('',(#9613),#9608,.T.);
#9608=PLANE('',#9609);
#9609=AXIS2_PLACEMENT_3D('',#9610,#9611,#9612);
#9610=CARTESIAN_POINT('',(-0.203,-0.813,4.216));
#9611=DIRECTION('',(-0.707,0.0,0.707));
#9612=DIRECTION('',(0.,0.,1.));
#9613=FACE_OUTER_BOUND('',#9614,.T.);
#9614=EDGE_LOOP('',(#9615,#9625,#9635,#9645));
#9616=EDGE_CURVE('',#9472,#9568,#9621,.T.);
#9621=LINE('',#9473,#9623);
#9623=VECTOR('',#9624,0.406399994550218);
#9624=DIRECTION('',(0.0,1.0,0.0));
#9615=ORIENTED_EDGE('',*,*,#9616,.F.);
#9625=ORIENTED_EDGE('',*,*,#9499,.T.);
#9635=ORIENTED_EDGE('',*,*,#9420,.T.);
#9645=ORIENTED_EDGE('',*,*,#9577,.T.);
#9655=STYLED_ITEM('',(#34),#9656);
#9656=ADVANCED_FACE('',(#9662),#9657,.T.);
#9657=PLANE('',#9658);
#9658=AXIS2_PLACEMENT_3D('',#9659,#9660,#9661);
#9659=CARTESIAN_POINT('',(-0.203,-1.219,1.88));
#9660=DIRECTION('',(0.0,-1.0,0.0));
#9661=DIRECTION('',(0.,0.,1.));
#9662=FACE_OUTER_BOUND('',#9663,.T.);
#9663=EDGE_LOOP('',(#9664,#9674,#9684,#9694));
#9667=CARTESIAN_POINT('',(0.203,-1.219,1.88));
#9666=VERTEX_POINT('',#9667);
#9669=CARTESIAN_POINT('',(-0.203,-1.219,1.88));
#9668=VERTEX_POINT('',#9669);
#9665=EDGE_CURVE('',#9666,#9668,#9670,.T.);
#9670=LINE('',#9667,#9672);
#9672=VECTOR('',#9673,0.406400016339228);
#9673=DIRECTION('',(-1.0,0.0,0.0));
#9664=ORIENTED_EDGE('',*,*,#9665,.F.);
#9675=EDGE_CURVE('',#9470,#9666,#9680,.T.);
#9680=LINE('',#9471,#9682);
#9682=VECTOR('',#9683,2.3368254);
#9683=DIRECTION('',(0.0,0.0,-1.0));
#9674=ORIENTED_EDGE('',*,*,#9675,.F.);
#9684=ORIENTED_EDGE('',*,*,#9469,.T.);
#9695=EDGE_CURVE('',#9668,#9472,#9700,.T.);
#9700=LINE('',#9669,#9702);
#9702=VECTOR('',#9703,2.3368254);
#9703=DIRECTION('',(0.0,0.0,1.0));
#9694=ORIENTED_EDGE('',*,*,#9695,.F.);
#9704=STYLED_ITEM('',(#34),#9705);
#9705=ADVANCED_FACE('',(#9711),#9706,.T.);
#9706=PLANE('',#9707);
#9707=AXIS2_PLACEMENT_3D('',#9708,#9709,#9710);
#9708=CARTESIAN_POINT('',(0.203,-1.219,1.88));
#9709=DIRECTION('',(1.0,0.0,0.0));
#9710=DIRECTION('',(0.,0.,1.));
#9711=FACE_OUTER_BOUND('',#9712,.T.);
#9712=EDGE_LOOP('',(#9713,#9723,#9733,#9743));
#9716=CARTESIAN_POINT('',(0.203,-0.813,1.88));
#9715=VERTEX_POINT('',#9716);
#9714=EDGE_CURVE('',#9715,#9666,#9719,.T.);
#9719=LINE('',#9716,#9721);
#9721=VECTOR('',#9722,0.406399994550218);
#9722=DIRECTION('',(0.0,-1.0,0.0));
#9713=ORIENTED_EDGE('',*,*,#9714,.F.);
#9724=EDGE_CURVE('',#9519,#9715,#9729,.T.);
#9729=LINE('',#9520,#9731);
#9731=VECTOR('',#9732,2.3368254);
#9732=DIRECTION('',(0.0,0.0,-1.0));
#9723=ORIENTED_EDGE('',*,*,#9724,.F.);
#9733=ORIENTED_EDGE('',*,*,#9518,.T.);
#9743=ORIENTED_EDGE('',*,*,#9675,.T.);
#9753=STYLED_ITEM('',(#34),#9754);
#9754=ADVANCED_FACE('',(#9760),#9755,.T.);
#9755=PLANE('',#9756);
#9756=AXIS2_PLACEMENT_3D('',#9757,#9758,#9759);
#9757=CARTESIAN_POINT('',(0.203,-0.813,1.88));
#9758=DIRECTION('',(0.0,1.0,0.0));
#9759=DIRECTION('',(0.,0.,1.));
#9760=FACE_OUTER_BOUND('',#9761,.T.);
#9761=EDGE_LOOP('',(#9762,#9772,#9782,#9792));
#9765=CARTESIAN_POINT('',(-0.203,-0.813,1.88));
#9764=VERTEX_POINT('',#9765);
#9763=EDGE_CURVE('',#9764,#9715,#9768,.T.);
#9768=LINE('',#9765,#9770);
#9770=VECTOR('',#9771,0.406399994560336);
#9771=DIRECTION('',(1.0,0.0,0.0));
#9762=ORIENTED_EDGE('',*,*,#9763,.F.);
#9773=EDGE_CURVE('',#9568,#9764,#9778,.T.);
#9778=LINE('',#9569,#9780);
#9780=VECTOR('',#9781,2.3368254);
#9781=DIRECTION('',(0.0,0.0,-1.0));
#9772=ORIENTED_EDGE('',*,*,#9773,.F.);
#9782=ORIENTED_EDGE('',*,*,#9567,.T.);
#9792=ORIENTED_EDGE('',*,*,#9724,.T.);
#9802=STYLED_ITEM('',(#34),#9803);
#9803=ADVANCED_FACE('',(#9809),#9804,.T.);
#9804=PLANE('',#9805);
#9805=AXIS2_PLACEMENT_3D('',#9806,#9807,#9808);
#9806=CARTESIAN_POINT('',(-0.203,-0.813,1.88));
#9807=DIRECTION('',(-1.0,0.0,0.0));
#9808=DIRECTION('',(0.,0.,1.));
#9809=FACE_OUTER_BOUND('',#9810,.T.);
#9810=EDGE_LOOP('',(#9811,#9821,#9831,#9841));
#9812=EDGE_CURVE('',#9668,#9764,#9817,.T.);
#9817=LINE('',#9669,#9819);
#9819=VECTOR('',#9820,0.406399994550218);
#9820=DIRECTION('',(0.0,1.0,0.0));
#9811=ORIENTED_EDGE('',*,*,#9812,.F.);
#9821=ORIENTED_EDGE('',*,*,#9695,.T.);
#9831=ORIENTED_EDGE('',*,*,#9616,.T.);
#9841=ORIENTED_EDGE('',*,*,#9773,.T.);
#9851=STYLED_ITEM('',(#34),#9852);
#9852=ADVANCED_FACE('',(#9858),#9853,.T.);
#9853=PLANE('',#9854);
#9854=AXIS2_PLACEMENT_3D('',#9855,#9856,#9857);
#9855=CARTESIAN_POINT('',(0.203,-0.813,1.88));
#9856=DIRECTION('',(0.0,0.0,-1.0));
#9857=DIRECTION('',(0.,1.,0.));
#9858=FACE_OUTER_BOUND('',#9859,.T.);
#9859=EDGE_LOOP('',(#9860,#9870,#9880,#9890));
#9860=ORIENTED_EDGE('',*,*,#9714,.T.);
#9870=ORIENTED_EDGE('',*,*,#9665,.T.);
#9880=ORIENTED_EDGE('',*,*,#9812,.T.);
#9890=ORIENTED_EDGE('',*,*,#9763,.T.);
#9900=STYLED_ITEM('',(#34),#9901);
#9901=ADVANCED_FACE('',(#9907),#9902,.T.);
#9902=PLANE('',#9903);
#9903=AXIS2_PLACEMENT_3D('',#9904,#9905,#9906);
#9904=CARTESIAN_POINT('',(-0.203,-0.813,0.61));
#9905=DIRECTION('',(0.0,0.0,1.0));
#9906=DIRECTION('',(0.,1.,0.));
#9907=FACE_OUTER_BOUND('',#9908,.T.);
#9908=EDGE_LOOP('',(#9909,#9919,#9929,#9939));
#9912=CARTESIAN_POINT('',(-0.203,-1.219,0.61));
#9911=VERTEX_POINT('',#9912);
#9914=CARTESIAN_POINT('',(-0.203,-0.813,0.61));
#9913=VERTEX_POINT('',#9914);
#9910=EDGE_CURVE('',#9911,#9913,#9915,.T.);
#9915=LINE('',#9912,#9917);
#9917=VECTOR('',#9918,0.406399994550218);
#9918=DIRECTION('',(0.0,1.0,0.0));
#9909=ORIENTED_EDGE('',*,*,#9910,.F.);
#9922=CARTESIAN_POINT('',(0.203,-1.219,0.61));
#9921=VERTEX_POINT('',#9922);
#9920=EDGE_CURVE('',#9921,#9911,#9925,.T.);
#9925=LINE('',#9922,#9927);
#9927=VECTOR('',#9928,0.406400016339228);
#9928=DIRECTION('',(-1.0,0.0,0.0));
#9919=ORIENTED_EDGE('',*,*,#9920,.F.);
#9932=CARTESIAN_POINT('',(0.203,-0.813,0.61));
#9931=VERTEX_POINT('',#9932);
#9930=EDGE_CURVE('',#9931,#9921,#9935,.T.);
#9935=LINE('',#9932,#9937);
#9937=VECTOR('',#9938,0.406399994550218);
#9938=DIRECTION('',(0.0,-1.0,0.0));
#9929=ORIENTED_EDGE('',*,*,#9930,.F.);
#9940=EDGE_CURVE('',#9913,#9931,#9945,.T.);
#9945=LINE('',#9914,#9947);
#9947=VECTOR('',#9948,0.406399994560336);
#9948=DIRECTION('',(1.0,0.0,0.0));
#9939=ORIENTED_EDGE('',*,*,#9940,.F.);
#9949=STYLED_ITEM('',(#34),#9950);
#9950=ADVANCED_FACE('',(#9956),#9951,.T.);
#9951=PLANE('',#9952);
#9952=AXIS2_PLACEMENT_3D('',#9953,#9954,#9955);
#9953=CARTESIAN_POINT('',(-0.203,-1.219,0.508));
#9954=DIRECTION('',(0.0,-1.0,0.0));
#9955=DIRECTION('',(0.,0.,1.));
#9956=FACE_OUTER_BOUND('',#9957,.T.);
#9957=EDGE_LOOP('',(#9958,#9968,#9978,#9988));
#9961=CARTESIAN_POINT('',(0.203,-1.219,0.508));
#9960=VERTEX_POINT('',#9961);
#9963=CARTESIAN_POINT('',(-0.203,-1.219,0.508));
#9962=VERTEX_POINT('',#9963);
#9959=EDGE_CURVE('',#9960,#9962,#9964,.T.);
#9964=LINE('',#9961,#9966);
#9966=VECTOR('',#9967,0.406400016339228);
#9967=DIRECTION('',(-1.0,0.0,0.0));
#9958=ORIENTED_EDGE('',*,*,#9959,.F.);
#9969=EDGE_CURVE('',#9921,#9960,#9974,.T.);
#9974=LINE('',#9922,#9976);
#9976=VECTOR('',#9977,0.10159365);
#9977=DIRECTION('',(0.0,0.0,-1.0));
#9968=ORIENTED_EDGE('',*,*,#9969,.F.);
#9978=ORIENTED_EDGE('',*,*,#9920,.T.);
#9989=EDGE_CURVE('',#9962,#9911,#9994,.T.);
#9994=LINE('',#9963,#9996);
#9996=VECTOR('',#9997,0.10159365);
#9997=DIRECTION('',(0.0,0.0,1.0));
#9988=ORIENTED_EDGE('',*,*,#9989,.F.);
#9998=STYLED_ITEM('',(#34),#9999);
#9999=ADVANCED_FACE('',(#10005),#10000,.T.);
#10000=PLANE('',#10001);
#10001=AXIS2_PLACEMENT_3D('',#10002,#10003,#10004);
#10002=CARTESIAN_POINT('',(0.203,-0.813,0.508));
#10003=DIRECTION('',(0.0,1.0,0.0));
#10004=DIRECTION('',(0.,0.,1.));
#10005=FACE_OUTER_BOUND('',#10006,.T.);
#10006=EDGE_LOOP('',(#10007,#10017,#10027,#10037));
#10010=CARTESIAN_POINT('',(-0.203,-0.813,0.508));
#10009=VERTEX_POINT('',#10010);
#10012=CARTESIAN_POINT('',(0.203,-0.813,0.508));
#10011=VERTEX_POINT('',#10012);
#10008=EDGE_CURVE('',#10009,#10011,#10013,.T.);
#10013=LINE('',#10010,#10015);
#10015=VECTOR('',#10016,0.406399994560336);
#10016=DIRECTION('',(1.0,0.0,0.0));
#10007=ORIENTED_EDGE('',*,*,#10008,.F.);
#10018=EDGE_CURVE('',#9913,#10009,#10023,.T.);
#10023=LINE('',#9914,#10025);
#10025=VECTOR('',#10026,0.10159365);
#10026=DIRECTION('',(0.0,0.0,-1.0));
#10017=ORIENTED_EDGE('',*,*,#10018,.F.);
#10027=ORIENTED_EDGE('',*,*,#9940,.T.);
#10038=EDGE_CURVE('',#10011,#9931,#10043,.T.);
#10043=LINE('',#10012,#10045);
#10045=VECTOR('',#10046,0.10159365);
#10046=DIRECTION('',(0.0,0.0,1.0));
#10037=ORIENTED_EDGE('',*,*,#10038,.F.);
#10047=STYLED_ITEM('',(#34),#10048);
#10048=ADVANCED_FACE('',(#10054),#10049,.T.);
#10049=PLANE('',#10050);
#10050=AXIS2_PLACEMENT_3D('',#10051,#10052,#10053);
#10051=CARTESIAN_POINT('',(-0.203,-1.321,0.406));
#10052=DIRECTION('',(0.0,0.0,1.0));
#10053=DIRECTION('',(0.,1.,0.));
#10054=FACE_OUTER_BOUND('',#10055,.T.);
#10055=EDGE_LOOP('',(#10056,#10066,#10076,#10086));
#10059=CARTESIAN_POINT('',(-0.203,-3.023,0.406));
#10058=VERTEX_POINT('',#10059);
#10061=CARTESIAN_POINT('',(-0.203,-1.321,0.406));
#10060=VERTEX_POINT('',#10061);
#10057=EDGE_CURVE('',#10058,#10060,#10062,.T.);
#10062=LINE('',#10059,#10064);
#10064=VECTOR('',#10065,1.70180634831321);
#10065=DIRECTION('',(0.0,1.0,0.0));
#10056=ORIENTED_EDGE('',*,*,#10057,.F.);
#10069=CARTESIAN_POINT('',(0.203,-3.023,0.406));
#10068=VERTEX_POINT('',#10069);
#10067=EDGE_CURVE('',#10068,#10058,#10072,.T.);
#10072=LINE('',#10069,#10074);
#10074=VECTOR('',#10075,0.406400208164094);
#10075=DIRECTION('',(-1.0,0.0,0.0));
#10066=ORIENTED_EDGE('',*,*,#10067,.F.);
#10079=CARTESIAN_POINT('',(0.203,-1.321,0.406));
#10078=VERTEX_POINT('',#10079);
#10077=EDGE_CURVE('',#10078,#10068,#10082,.T.);
#10082=LINE('',#10079,#10084);
#10084=VECTOR('',#10085,1.70180634831321);
#10085=DIRECTION('',(0.0,-1.0,0.0));
#10076=ORIENTED_EDGE('',*,*,#10077,.F.);
#10087=EDGE_CURVE('',#10060,#10078,#10092,.T.);
#10092=LINE('',#10061,#10094);
#10094=VECTOR('',#10095,0.406400026558929);
#10095=DIRECTION('',(1.0,0.0,0.0));
#10086=ORIENTED_EDGE('',*,*,#10087,.F.);
#10145=STYLED_ITEM('',(#34),#10146);
#10146=ADVANCED_FACE('',(#10152),#10147,.T.);
#10147=PLANE('',#10148);
#10148=AXIS2_PLACEMENT_3D('',#10149,#10150,#10151);
#10149=CARTESIAN_POINT('',(0.203,-1.321,0.0));
#10150=DIRECTION('',(0.0,0.0,-1.0));
#10151=DIRECTION('',(0.,1.,0.));
#10152=FACE_OUTER_BOUND('',#10153,.T.);
#10153=EDGE_LOOP('',(#10154,#10164,#10174,#10184));
#10157=CARTESIAN_POINT('',(0.203,-3.023,0.0));
#10156=VERTEX_POINT('',#10157);
#10159=CARTESIAN_POINT('',(0.203,-1.321,0.0));
#10158=VERTEX_POINT('',#10159);
#10155=EDGE_CURVE('',#10156,#10158,#10160,.T.);
#10160=LINE('',#10157,#10162);
#10162=VECTOR('',#10163,1.70180634831321);
#10163=DIRECTION('',(0.0,1.0,0.0));
#10154=ORIENTED_EDGE('',*,*,#10155,.F.);
#10167=CARTESIAN_POINT('',(-0.203,-3.023,0.0));
#10166=VERTEX_POINT('',#10167);
#10165=EDGE_CURVE('',#10166,#10156,#10170,.T.);
#10170=LINE('',#10167,#10172);
#10172=VECTOR('',#10173,0.406400208164094);
#10173=DIRECTION('',(1.0,0.0,0.0));
#10164=ORIENTED_EDGE('',*,*,#10165,.F.);
#10177=CARTESIAN_POINT('',(-0.203,-1.321,0.0));
#10176=VERTEX_POINT('',#10177);
#10175=EDGE_CURVE('',#10176,#10166,#10180,.T.);
#10180=LINE('',#10177,#10182);
#10182=VECTOR('',#10183,1.70180634831321);
#10183=DIRECTION('',(0.0,-1.0,0.0));
#10174=ORIENTED_EDGE('',*,*,#10175,.F.);
#10185=EDGE_CURVE('',#10158,#10176,#10190,.T.);
#10190=LINE('',#10159,#10192);
#10192=VECTOR('',#10193,0.406400026558929);
#10193=DIRECTION('',(-1.0,0.0,0.0));
#10184=ORIENTED_EDGE('',*,*,#10185,.F.);
#10243=STYLED_ITEM('',(#34),#10244);
#10244=ADVANCED_FACE('',(#10250),#10245,.T.);
#10245=PLANE('',#10246);
#10246=AXIS2_PLACEMENT_3D('',#10247,#10248,#10249);
#10247=CARTESIAN_POINT('',(-0.102,-3.124,0.305));
#10248=DIRECTION('',(0.0,-0.707,0.707));
#10249=DIRECTION('',(0.,0.,1.));
#10250=FACE_OUTER_BOUND('',#10251,.T.);
#10251=EDGE_LOOP('',(#10252,#10262,#10272,#10282));
#10255=CARTESIAN_POINT('',(0.102,-3.124,0.305));
#10254=VERTEX_POINT('',#10255);
#10257=CARTESIAN_POINT('',(-0.102,-3.124,0.305));
#10256=VERTEX_POINT('',#10257);
#10253=EDGE_CURVE('',#10254,#10256,#10258,.T.);
#10258=LINE('',#10255,#10260);
#10260=VECTOR('',#10261,0.203200222495685);
#10261=DIRECTION('',(-1.0,0.0,0.0));
#10252=ORIENTED_EDGE('',*,*,#10253,.F.);
#10263=EDGE_CURVE('',#10068,#10254,#10268,.T.);
#10268=LINE('',#10069,#10270);
#10270=VECTOR('',#10271,0.175976360901697);
#10271=DIRECTION('',(-0.577,-0.577,-0.577));
#10262=ORIENTED_EDGE('',*,*,#10263,.F.);
#10272=ORIENTED_EDGE('',*,*,#10067,.T.);
#10283=EDGE_CURVE('',#10256,#10058,#10288,.T.);
#10288=LINE('',#10257,#10290);
#10290=VECTOR('',#10291,0.175976360901697);
#10291=DIRECTION('',(-0.577,0.577,0.577));
#10282=ORIENTED_EDGE('',*,*,#10283,.F.);
#10292=STYLED_ITEM('',(#34),#10293);
#10293=ADVANCED_FACE('',(#10299),#10294,.T.);
#10294=PLANE('',#10295);
#10295=AXIS2_PLACEMENT_3D('',#10296,#10297,#10298);
#10296=CARTESIAN_POINT('',(-0.203,-3.023,0.0));
#10297=DIRECTION('',(-0.707,-0.707,0.0));
#10298=DIRECTION('',(0.,0.,1.));
#10299=FACE_OUTER_BOUND('',#10300,.T.);
#10300=EDGE_LOOP('',(#10301,#10311,#10321,#10331));
#10304=CARTESIAN_POINT('',(-0.102,-3.124,0.102));
#10303=VERTEX_POINT('',#10304);
#10302=EDGE_CURVE('',#10303,#10166,#10307,.T.);
#10307=LINE('',#10304,#10309);
#10309=VECTOR('',#10310,0.175976360901697);
#10310=DIRECTION('',(-0.577,0.577,-0.577));
#10301=ORIENTED_EDGE('',*,*,#10302,.F.);
#10312=EDGE_CURVE('',#10256,#10303,#10317,.T.);
#10317=LINE('',#10257,#10319);
#10319=VECTOR('',#10320,0.2032);
#10320=DIRECTION('',(0.0,0.0,-1.0));
#10311=ORIENTED_EDGE('',*,*,#10312,.F.);
#10321=ORIENTED_EDGE('',*,*,#10283,.T.);
#10332=EDGE_CURVE('',#10166,#10058,#10337,.T.);
#10337=LINE('',#10167,#10339);
#10339=VECTOR('',#10340,0.4064);
#10340=DIRECTION('',(0.0,0.0,1.0));
#10331=ORIENTED_EDGE('',*,*,#10332,.F.);
#10341=STYLED_ITEM('',(#34),#10342);
#10342=ADVANCED_FACE('',(#10348),#10343,.T.);
#10343=PLANE('',#10344);
#10344=AXIS2_PLACEMENT_3D('',#10345,#10346,#10347);
#10345=CARTESIAN_POINT('',(-0.203,-3.023,0.0));
#10346=DIRECTION('',(0.0,-0.707,-0.707));
#10347=DIRECTION('',(0.,0.,1.));
#10348=FACE_OUTER_BOUND('',#10349,.T.);
#10349=EDGE_LOOP('',(#10350,#10360,#10370,#10380));
#10350=ORIENTED_EDGE('',*,*,#10165,.T.);
#10363=CARTESIAN_POINT('',(0.102,-3.124,0.102));
#10362=VERTEX_POINT('',#10363);
#10361=EDGE_CURVE('',#10362,#10156,#10366,.T.);
#10366=LINE('',#10363,#10368);
#10368=VECTOR('',#10369,0.175976360901697);
#10369=DIRECTION('',(0.577,0.577,-0.577));
#10360=ORIENTED_EDGE('',*,*,#10361,.F.);
#10371=EDGE_CURVE('',#10303,#10362,#10376,.T.);
#10376=LINE('',#10304,#10378);
#10378=VECTOR('',#10379,0.203200222495685);
#10379=DIRECTION('',(1.0,0.0,0.0));
#10370=ORIENTED_EDGE('',*,*,#10371,.F.);
#10380=ORIENTED_EDGE('',*,*,#10302,.T.);
#10390=STYLED_ITEM('',(#34),#10391);
#10391=ADVANCED_FACE('',(#10397),#10392,.T.);
#10392=PLANE('',#10393);
#10393=AXIS2_PLACEMENT_3D('',#10394,#10395,#10396);
#10394=CARTESIAN_POINT('',(0.102,-3.124,0.102));
#10395=DIRECTION('',(0.707,-0.707,0.0));
#10396=DIRECTION('',(0.,0.,1.));
#10397=FACE_OUTER_BOUND('',#10398,.T.);
#10398=EDGE_LOOP('',(#10399,#10409,#10419,#10429));
#10399=ORIENTED_EDGE('',*,*,#10361,.T.);
#10410=EDGE_CURVE('',#10068,#10156,#10415,.T.);
#10415=LINE('',#10069,#10417);
#10417=VECTOR('',#10418,0.4064);
#10418=DIRECTION('',(0.0,0.0,-1.0));
#10409=ORIENTED_EDGE('',*,*,#10410,.F.);
#10419=ORIENTED_EDGE('',*,*,#10263,.T.);
#10430=EDGE_CURVE('',#10362,#10254,#10435,.T.);
#10435=LINE('',#10363,#10437);
#10437=VECTOR('',#10438,0.2032);
#10438=DIRECTION('',(0.0,0.0,1.0));
#10429=ORIENTED_EDGE('',*,*,#10430,.F.);
#10439=STYLED_ITEM('',(#34),#10440);
#10440=ADVANCED_FACE('',(#10446),#10441,.T.);
#10441=PLANE('',#10442);
#10442=AXIS2_PLACEMENT_3D('',#10443,#10444,#10445);
#10443=CARTESIAN_POINT('',(-0.102,-3.124,0.102));
#10444=DIRECTION('',(0.0,-1.0,0.0));
#10445=DIRECTION('',(0.,0.,1.));
#10446=FACE_OUTER_BOUND('',#10447,.T.);
#10447=EDGE_LOOP('',(#10448,#10458,#10468,#10478));
#10448=ORIENTED_EDGE('',*,*,#10371,.T.);
#10458=ORIENTED_EDGE('',*,*,#10430,.T.);
#10468=ORIENTED_EDGE('',*,*,#10253,.T.);
#10478=ORIENTED_EDGE('',*,*,#10312,.T.);
#10488=STYLED_ITEM($,(#34),#10489);
#10489=ADVANCED_FACE($,(#10495),#10490,.F.);
#10490=CYLINDRICAL_SURFACE($,#10491,0.10159365);
#10491=AXIS2_PLACEMENT_3D($,#10492,#10493,#10494);
#10492=CARTESIAN_POINT('',(-0.203,-1.321,0.508));
#10493=DIRECTION('',(-1.0,0.0,0.0));
#10494=DIRECTION('',(0.,0.,1.));
#10495=FACE_OUTER_BOUND($,#10496,.T.);
#10496=EDGE_LOOP($,(#10508,#10518,#10529,#10497));
#10508=ORIENTED_EDGE('',*,*,#10087,.T.);
#10519=EDGE_CURVE($,#9960,#10078,#10524,.T.);
#10524=CIRCLE($,#10525,0.10159365);
#10526=CARTESIAN_POINT('',(0.203,-1.321,0.508));
#10525=AXIS2_PLACEMENT_3D($,#10526,#10527,#10528);
#10527=DIRECTION('',(-1.0,0.0,0.0));
#10528=DIRECTION('',(0.0,-0.707,-0.707));
#10518=ORIENTED_EDGE('',*,*,#10519,.F.);
#10529=ORIENTED_EDGE('',*,*,#9959,.T.);
#10498=EDGE_CURVE($,#10060,#9962,#10503,.T.);
#10503=CIRCLE($,#10504,0.10159365);
#10505=CARTESIAN_POINT('',(-0.203,-1.321,0.508));
#10504=AXIS2_PLACEMENT_3D($,#10505,#10506,#10507);
#10506=DIRECTION('',(1.0,0.0,0.0));
#10507=DIRECTION('',(0.0,0.707,0.707));
#10497=ORIENTED_EDGE('',*,*,#10498,.F.);
#10539=STYLED_ITEM($,(#34),#10540);
#10540=ADVANCED_FACE($,(#10546),#10541,.T.);
#10541=CYLINDRICAL_SURFACE($,#10542,0.50799365);
#10542=AXIS2_PLACEMENT_3D($,#10543,#10544,#10545);
#10543=CARTESIAN_POINT('',(-0.203,-1.321,0.508));
#10544=DIRECTION('',(1.0,0.0,0.0));
#10545=DIRECTION('',(0.,0.,1.));
#10546=FACE_OUTER_BOUND($,#10547,.T.);
#10547=EDGE_LOOP($,(#10559,#10569,#10580,#10548));
#10559=ORIENTED_EDGE('',*,*,#10185,.T.);
#10570=EDGE_CURVE($,#10009,#10176,#10575,.T.);
#10575=CIRCLE($,#10576,0.50799365);
#10576=AXIS2_PLACEMENT_3D($,#10505,#10578,#10579);
#10578=DIRECTION('',(-1.0,0.0,0.0));
#10579=DIRECTION('',(0.0,-0.707,-0.707));
#10569=ORIENTED_EDGE('',*,*,#10570,.F.);
#10580=ORIENTED_EDGE('',*,*,#10008,.T.);
#10549=EDGE_CURVE($,#10158,#10011,#10554,.T.);
#10554=CIRCLE($,#10555,0.50799365);
#10555=AXIS2_PLACEMENT_3D($,#10526,#10557,#10558);
#10557=DIRECTION('',(1.0,0.0,0.0));
#10558=DIRECTION('',(0.0,0.707,0.707));
#10548=ORIENTED_EDGE('',*,*,#10549,.F.);
#10590=STYLED_ITEM('color',(#34),#10591);
#10591=ADVANCED_FACE($,(#10597),#10592,.T.);
#10592=PLANE($,#10593);
#10593=AXIS2_PLACEMENT_3D($,#10594,#10595,#10596);
#10594=CARTESIAN_POINT('',(-0.203,-0.813,0.508));
#10595=DIRECTION('',(-1.0,0.0,0.0));
#10596=DIRECTION('',(1.,0.,0.));
#10597=FACE_OUTER_BOUND($,#10598,.T.);
#10598=EDGE_LOOP($,(#10601, #10611, #10621, #10631, #10642, #10652, #10662, #10672));
#10601=ORIENTED_EDGE('',*,*,#9989,.T.);
#10611=ORIENTED_EDGE('',*,*,#9910,.T.);
#10621=ORIENTED_EDGE('',*,*,#10018,.T.);
#10631=ORIENTED_EDGE('',*,*,#10570,.T.);
#10642=ORIENTED_EDGE('',*,*,#10175,.T.);
#10652=ORIENTED_EDGE('',*,*,#10332,.T.);
#10662=ORIENTED_EDGE('',*,*,#10057,.T.);
#10672=ORIENTED_EDGE('',*,*,#10498,.T.);
#10683=STYLED_ITEM('color',(#34),#10684);
#10684=ADVANCED_FACE($,(#10690),#10685,.T.);
#10685=PLANE($,#10686);
#10686=AXIS2_PLACEMENT_3D($,#10687,#10688,#10689);
#10687=CARTESIAN_POINT('',(0.203,-0.813,0.508));
#10688=DIRECTION('',(1.0,0.0,0.0));
#10689=DIRECTION('',(-1.,0.,0.));
#10690=FACE_OUTER_BOUND($,#10691,.T.);
#10691=EDGE_LOOP($,(#10694, #10704, #10714, #10724, #10735, #10745, #10755, #10765));
#10694=ORIENTED_EDGE('',*,*,#10038,.T.);
#10704=ORIENTED_EDGE('',*,*,#9930,.T.);
#10714=ORIENTED_EDGE('',*,*,#9969,.T.);
#10724=ORIENTED_EDGE('',*,*,#10519,.T.);
#10735=ORIENTED_EDGE('',*,*,#10077,.T.);
#10745=ORIENTED_EDGE('',*,*,#10410,.T.);
#10755=ORIENTED_EDGE('',*,*,#10155,.T.);
#10765=ORIENTED_EDGE('',*,*,#10549,.T.);
#10776=MANIFOLD_SOLID_BREP($,#10777);
#10777=CLOSED_SHELL('',(#10781,#10830,#10879,#10928,#10977,#11026,#11075,#11124,#11173,#11222));
#10778=MANIFOLD_SOLID_BREP($,#10779);
#10779=CLOSED_SHELL('',(#11271,#11320,#11369,#11418,#11516,#11614,#11663,#11712,#11761,#11810,#11859,#11910,#11961,#12054));
#10780=STYLED_ITEM('',(#34),#10781);
#10781=ADVANCED_FACE('',(#10787),#10782,.T.);
#10782=PLANE('',#10783);
#10783=AXIS2_PLACEMENT_3D('',#10784,#10785,#10786);
#10784=CARTESIAN_POINT('',(-1.372,-0.914,4.318));
#10785=DIRECTION('',(0.0,0.0,1.0));
#10786=DIRECTION('',(0.,1.,0.));
#10787=FACE_OUTER_BOUND('',#10788,.T.);
#10788=EDGE_LOOP('',(#10789,#10799,#10809,#10819));
#10792=CARTESIAN_POINT('',(-1.372,-1.118,4.318));
#10791=VERTEX_POINT('',#10792);
#10794=CARTESIAN_POINT('',(-1.372,-0.914,4.318));
#10793=VERTEX_POINT('',#10794);
#10790=EDGE_CURVE('',#10791,#10793,#10795,.T.);
#10795=LINE('',#10792,#10797);
#10797=VECTOR('',#10798,0.203199997275109);
#10798=DIRECTION('',(0.0,1.0,0.0));
#10789=ORIENTED_EDGE('',*,*,#10790,.F.);
#10802=CARTESIAN_POINT('',(-1.168,-1.118,4.318));
#10801=VERTEX_POINT('',#10802);
#10800=EDGE_CURVE('',#10801,#10791,#10805,.T.);
#10805=LINE('',#10802,#10807);
#10807=VECTOR('',#10808,0.203200008169614);
#10808=DIRECTION('',(-1.0,0.0,0.0));
#10799=ORIENTED_EDGE('',*,*,#10800,.F.);
#10812=CARTESIAN_POINT('',(-1.168,-0.914,4.318));
#10811=VERTEX_POINT('',#10812);
#10810=EDGE_CURVE('',#10811,#10801,#10815,.T.);
#10815=LINE('',#10812,#10817);
#10817=VECTOR('',#10818,0.203199997275109);
#10818=DIRECTION('',(0.0,-1.0,0.0));
#10809=ORIENTED_EDGE('',*,*,#10810,.F.);
#10820=EDGE_CURVE('',#10793,#10811,#10825,.T.);
#10825=LINE('',#10794,#10827);
#10827=VECTOR('',#10828,0.203199997280168);
#10828=DIRECTION('',(1.0,0.0,0.0));
#10819=ORIENTED_EDGE('',*,*,#10820,.F.);
#10829=STYLED_ITEM('',(#34),#10830);
#10830=ADVANCED_FACE('',(#10836),#10831,.T.);
#10831=PLANE('',#10832);
#10832=AXIS2_PLACEMENT_3D('',#10833,#10834,#10835);
#10833=CARTESIAN_POINT('',(-1.473,-1.219,4.216));
#10834=DIRECTION('',(0.0,-0.707,0.707));
#10835=DIRECTION('',(0.,0.,1.));
#10836=FACE_OUTER_BOUND('',#10837,.T.);
#10837=EDGE_LOOP('',(#10838,#10848,#10858,#10868));
#10841=CARTESIAN_POINT('',(-1.067,-1.219,4.216));
#10840=VERTEX_POINT('',#10841);
#10843=CARTESIAN_POINT('',(-1.473,-1.219,4.216));
#10842=VERTEX_POINT('',#10843);
#10839=EDGE_CURVE('',#10840,#10842,#10844,.T.);
#10844=LINE('',#10841,#10846);
#10846=VECTOR('',#10847,0.406400016339228);
#10847=DIRECTION('',(-1.0,0.0,0.0));
#10838=ORIENTED_EDGE('',*,*,#10839,.F.);
#10849=EDGE_CURVE('',#10801,#10840,#10854,.T.);
#10854=LINE('',#10802,#10856);
#10856=VECTOR('',#10857,0.175976362048998);
#10857=DIRECTION('',(0.577,-0.577,-0.577));
#10848=ORIENTED_EDGE('',*,*,#10849,.F.);
#10858=ORIENTED_EDGE('',*,*,#10800,.T.);
#10869=EDGE_CURVE('',#10842,#10791,#10874,.T.);
#10874=LINE('',#10843,#10876);
#10876=VECTOR('',#10877,0.175976362048998);
#10877=DIRECTION('',(0.577,0.577,0.577));
#10868=ORIENTED_EDGE('',*,*,#10869,.F.);
#10878=STYLED_ITEM('',(#34),#10879);
#10879=ADVANCED_FACE('',(#10885),#10880,.T.);
#10880=PLANE('',#10881);
#10881=AXIS2_PLACEMENT_3D('',#10882,#10883,#10884);
#10882=CARTESIAN_POINT('',(-1.067,-1.219,4.216));
#10883=DIRECTION('',(0.707,0.0,0.707));
#10884=DIRECTION('',(0.,0.,1.));
#10885=FACE_OUTER_BOUND('',#10886,.T.);
#10886=EDGE_LOOP('',(#10887,#10897,#10907,#10917));
#10890=CARTESIAN_POINT('',(-1.067,-0.813,4.216));
#10889=VERTEX_POINT('',#10890);
#10888=EDGE_CURVE('',#10889,#10840,#10893,.T.);
#10893=LINE('',#10890,#10895);
#10895=VECTOR('',#10896,0.406399994550218);
#10896=DIRECTION('',(0.0,-1.0,0.0));
#10887=ORIENTED_EDGE('',*,*,#10888,.F.);
#10898=EDGE_CURVE('',#10811,#10889,#10903,.T.);
#10903=LINE('',#10812,#10905);
#10905=VECTOR('',#10906,0.175976362048998);
#10906=DIRECTION('',(0.577,0.577,-0.577));
#10897=ORIENTED_EDGE('',*,*,#10898,.F.);
#10907=ORIENTED_EDGE('',*,*,#10810,.T.);
#10917=ORIENTED_EDGE('',*,*,#10849,.T.);
#10927=STYLED_ITEM('',(#34),#10928);
#10928=ADVANCED_FACE('',(#10934),#10929,.T.);
#10929=PLANE('',#10930);
#10930=AXIS2_PLACEMENT_3D('',#10931,#10932,#10933);
#10931=CARTESIAN_POINT('',(-1.067,-0.813,4.216));
#10932=DIRECTION('',(0.0,0.707,0.707));
#10933=DIRECTION('',(0.,0.,1.));
#10934=FACE_OUTER_BOUND('',#10935,.T.);
#10935=EDGE_LOOP('',(#10936,#10946,#10956,#10966));
#10939=CARTESIAN_POINT('',(-1.473,-0.813,4.216));
#10938=VERTEX_POINT('',#10939);
#10937=EDGE_CURVE('',#10938,#10889,#10942,.T.);
#10942=LINE('',#10939,#10944);
#10944=VECTOR('',#10945,0.406399994560336);
#10945=DIRECTION('',(1.0,0.0,0.0));
#10936=ORIENTED_EDGE('',*,*,#10937,.F.);
#10947=EDGE_CURVE('',#10793,#10938,#10952,.T.);
#10952=LINE('',#10794,#10954);
#10954=VECTOR('',#10955,0.175976362048998);
#10955=DIRECTION('',(-0.577,0.577,-0.577));
#10946=ORIENTED_EDGE('',*,*,#10947,.F.);
#10956=ORIENTED_EDGE('',*,*,#10820,.T.);
#10966=ORIENTED_EDGE('',*,*,#10898,.T.);
#10976=STYLED_ITEM('',(#34),#10977);
#10977=ADVANCED_FACE('',(#10983),#10978,.T.);
#10978=PLANE('',#10979);
#10979=AXIS2_PLACEMENT_3D('',#10980,#10981,#10982);
#10980=CARTESIAN_POINT('',(-1.473,-0.813,4.216));
#10981=DIRECTION('',(-0.707,0.0,0.707));
#10982=DIRECTION('',(0.,0.,1.));
#10983=FACE_OUTER_BOUND('',#10984,.T.);
#10984=EDGE_LOOP('',(#10985,#10995,#11005,#11015));
#10986=EDGE_CURVE('',#10842,#10938,#10991,.T.);
#10991=LINE('',#10843,#10993);
#10993=VECTOR('',#10994,0.406399994550218);
#10994=DIRECTION('',(0.0,1.0,0.0));
#10985=ORIENTED_EDGE('',*,*,#10986,.F.);
#10995=ORIENTED_EDGE('',*,*,#10869,.T.);
#11005=ORIENTED_EDGE('',*,*,#10790,.T.);
#11015=ORIENTED_EDGE('',*,*,#10947,.T.);
#11025=STYLED_ITEM('',(#34),#11026);
#11026=ADVANCED_FACE('',(#11032),#11027,.T.);
#11027=PLANE('',#11028);
#11028=AXIS2_PLACEMENT_3D('',#11029,#11030,#11031);
#11029=CARTESIAN_POINT('',(-1.473,-1.219,1.88));
#11030=DIRECTION('',(0.0,-1.0,0.0));
#11031=DIRECTION('',(0.,0.,1.));
#11032=FACE_OUTER_BOUND('',#11033,.T.);
#11033=EDGE_LOOP('',(#11034,#11044,#11054,#11064));
#11037=CARTESIAN_POINT('',(-1.067,-1.219,1.88));
#11036=VERTEX_POINT('',#11037);
#11039=CARTESIAN_POINT('',(-1.473,-1.219,1.88));
#11038=VERTEX_POINT('',#11039);
#11035=EDGE_CURVE('',#11036,#11038,#11040,.T.);
#11040=LINE('',#11037,#11042);
#11042=VECTOR('',#11043,0.406400016339228);
#11043=DIRECTION('',(-1.0,0.0,0.0));
#11034=ORIENTED_EDGE('',*,*,#11035,.F.);
#11045=EDGE_CURVE('',#10840,#11036,#11050,.T.);
#11050=LINE('',#10841,#11052);
#11052=VECTOR('',#11053,2.3368254);
#11053=DIRECTION('',(0.0,0.0,-1.0));
#11044=ORIENTED_EDGE('',*,*,#11045,.F.);
#11054=ORIENTED_EDGE('',*,*,#10839,.T.);
#11065=EDGE_CURVE('',#11038,#10842,#11070,.T.);
#11070=LINE('',#11039,#11072);
#11072=VECTOR('',#11073,2.3368254);
#11073=DIRECTION('',(0.0,0.0,1.0));
#11064=ORIENTED_EDGE('',*,*,#11065,.F.);
#11074=STYLED_ITEM('',(#34),#11075);
#11075=ADVANCED_FACE('',(#11081),#11076,.T.);
#11076=PLANE('',#11077);
#11077=AXIS2_PLACEMENT_3D('',#11078,#11079,#11080);
#11078=CARTESIAN_POINT('',(-1.067,-1.219,1.88));
#11079=DIRECTION('',(1.0,0.0,0.0));
#11080=DIRECTION('',(0.,0.,1.));
#11081=FACE_OUTER_BOUND('',#11082,.T.);
#11082=EDGE_LOOP('',(#11083,#11093,#11103,#11113));
#11086=CARTESIAN_POINT('',(-1.067,-0.813,1.88));
#11085=VERTEX_POINT('',#11086);
#11084=EDGE_CURVE('',#11085,#11036,#11089,.T.);
#11089=LINE('',#11086,#11091);
#11091=VECTOR('',#11092,0.406399994550218);
#11092=DIRECTION('',(0.0,-1.0,0.0));
#11083=ORIENTED_EDGE('',*,*,#11084,.F.);
#11094=EDGE_CURVE('',#10889,#11085,#11099,.T.);
#11099=LINE('',#10890,#11101);
#11101=VECTOR('',#11102,2.3368254);
#11102=DIRECTION('',(0.0,0.0,-1.0));
#11093=ORIENTED_EDGE('',*,*,#11094,.F.);
#11103=ORIENTED_EDGE('',*,*,#10888,.T.);
#11113=ORIENTED_EDGE('',*,*,#11045,.T.);
#11123=STYLED_ITEM('',(#34),#11124);
#11124=ADVANCED_FACE('',(#11130),#11125,.T.);
#11125=PLANE('',#11126);
#11126=AXIS2_PLACEMENT_3D('',#11127,#11128,#11129);
#11127=CARTESIAN_POINT('',(-1.067,-0.813,1.88));
#11128=DIRECTION('',(0.0,1.0,0.0));
#11129=DIRECTION('',(0.,0.,1.));
#11130=FACE_OUTER_BOUND('',#11131,.T.);
#11131=EDGE_LOOP('',(#11132,#11142,#11152,#11162));
#11135=CARTESIAN_POINT('',(-1.473,-0.813,1.88));
#11134=VERTEX_POINT('',#11135);
#11133=EDGE_CURVE('',#11134,#11085,#11138,.T.);
#11138=LINE('',#11135,#11140);
#11140=VECTOR('',#11141,0.406399994560336);
#11141=DIRECTION('',(1.0,0.0,0.0));
#11132=ORIENTED_EDGE('',*,*,#11133,.F.);
#11143=EDGE_CURVE('',#10938,#11134,#11148,.T.);
#11148=LINE('',#10939,#11150);
#11150=VECTOR('',#11151,2.3368254);
#11151=DIRECTION('',(0.0,0.0,-1.0));
#11142=ORIENTED_EDGE('',*,*,#11143,.F.);
#11152=ORIENTED_EDGE('',*,*,#10937,.T.);
#11162=ORIENTED_EDGE('',*,*,#11094,.T.);
#11172=STYLED_ITEM('',(#34),#11173);
#11173=ADVANCED_FACE('',(#11179),#11174,.T.);
#11174=PLANE('',#11175);
#11175=AXIS2_PLACEMENT_3D('',#11176,#11177,#11178);
#11176=CARTESIAN_POINT('',(-1.473,-0.813,1.88));
#11177=DIRECTION('',(-1.0,0.0,0.0));
#11178=DIRECTION('',(0.,0.,1.));
#11179=FACE_OUTER_BOUND('',#11180,.T.);
#11180=EDGE_LOOP('',(#11181,#11191,#11201,#11211));
#11182=EDGE_CURVE('',#11038,#11134,#11187,.T.);
#11187=LINE('',#11039,#11189);
#11189=VECTOR('',#11190,0.406399994550218);
#11190=DIRECTION('',(0.0,1.0,0.0));
#11181=ORIENTED_EDGE('',*,*,#11182,.F.);
#11191=ORIENTED_EDGE('',*,*,#11065,.T.);
#11201=ORIENTED_EDGE('',*,*,#10986,.T.);
#11211=ORIENTED_EDGE('',*,*,#11143,.T.);
#11221=STYLED_ITEM('',(#34),#11222);
#11222=ADVANCED_FACE('',(#11228),#11223,.T.);
#11223=PLANE('',#11224);
#11224=AXIS2_PLACEMENT_3D('',#11225,#11226,#11227);
#11225=CARTESIAN_POINT('',(-1.067,-0.813,1.88));
#11226=DIRECTION('',(0.0,0.0,-1.0));
#11227=DIRECTION('',(0.,1.,0.));
#11228=FACE_OUTER_BOUND('',#11229,.T.);
#11229=EDGE_LOOP('',(#11230,#11240,#11250,#11260));
#11230=ORIENTED_EDGE('',*,*,#11084,.T.);
#11240=ORIENTED_EDGE('',*,*,#11035,.T.);
#11250=ORIENTED_EDGE('',*,*,#11182,.T.);
#11260=ORIENTED_EDGE('',*,*,#11133,.T.);
#11270=STYLED_ITEM('',(#34),#11271);
#11271=ADVANCED_FACE('',(#11277),#11272,.T.);
#11272=PLANE('',#11273);
#11273=AXIS2_PLACEMENT_3D('',#11274,#11275,#11276);
#11274=CARTESIAN_POINT('',(-1.473,-0.813,0.61));
#11275=DIRECTION('',(0.0,0.0,1.0));
#11276=DIRECTION('',(0.,1.,0.));
#11277=FACE_OUTER_BOUND('',#11278,.T.);
#11278=EDGE_LOOP('',(#11279,#11289,#11299,#11309));
#11282=CARTESIAN_POINT('',(-1.473,-1.219,0.61));
#11281=VERTEX_POINT('',#11282);
#11284=CARTESIAN_POINT('',(-1.473,-0.813,0.61));
#11283=VERTEX_POINT('',#11284);
#11280=EDGE_CURVE('',#11281,#11283,#11285,.T.);
#11285=LINE('',#11282,#11287);
#11287=VECTOR('',#11288,0.406399994550218);
#11288=DIRECTION('',(0.0,1.0,0.0));
#11279=ORIENTED_EDGE('',*,*,#11280,.F.);
#11292=CARTESIAN_POINT('',(-1.067,-1.219,0.61));
#11291=VERTEX_POINT('',#11292);
#11290=EDGE_CURVE('',#11291,#11281,#11295,.T.);
#11295=LINE('',#11292,#11297);
#11297=VECTOR('',#11298,0.406400016339228);
#11298=DIRECTION('',(-1.0,0.0,0.0));
#11289=ORIENTED_EDGE('',*,*,#11290,.F.);
#11302=CARTESIAN_POINT('',(-1.067,-0.813,0.61));
#11301=VERTEX_POINT('',#11302);
#11300=EDGE_CURVE('',#11301,#11291,#11305,.T.);
#11305=LINE('',#11302,#11307);
#11307=VECTOR('',#11308,0.406399994550218);
#11308=DIRECTION('',(0.0,-1.0,0.0));
#11299=ORIENTED_EDGE('',*,*,#11300,.F.);
#11310=EDGE_CURVE('',#11283,#11301,#11315,.T.);
#11315=LINE('',#11284,#11317);
#11317=VECTOR('',#11318,0.406399994560336);
#11318=DIRECTION('',(1.0,0.0,0.0));
#11309=ORIENTED_EDGE('',*,*,#11310,.F.);
#11319=STYLED_ITEM('',(#34),#11320);
#11320=ADVANCED_FACE('',(#11326),#11321,.T.);
#11321=PLANE('',#11322);
#11322=AXIS2_PLACEMENT_3D('',#11323,#11324,#11325);
#11323=CARTESIAN_POINT('',(-1.473,-1.219,0.508));
#11324=DIRECTION('',(0.0,-1.0,0.0));
#11325=DIRECTION('',(0.,0.,1.));
#11326=FACE_OUTER_BOUND('',#11327,.T.);
#11327=EDGE_LOOP('',(#11328,#11338,#11348,#11358));
#11331=CARTESIAN_POINT('',(-1.067,-1.219,0.508));
#11330=VERTEX_POINT('',#11331);
#11333=CARTESIAN_POINT('',(-1.473,-1.219,0.508));
#11332=VERTEX_POINT('',#11333);
#11329=EDGE_CURVE('',#11330,#11332,#11334,.T.);
#11334=LINE('',#11331,#11336);
#11336=VECTOR('',#11337,0.406400016339228);
#11337=DIRECTION('',(-1.0,0.0,0.0));
#11328=ORIENTED_EDGE('',*,*,#11329,.F.);
#11339=EDGE_CURVE('',#11291,#11330,#11344,.T.);
#11344=LINE('',#11292,#11346);
#11346=VECTOR('',#11347,0.10159365);
#11347=DIRECTION('',(0.0,0.0,-1.0));
#11338=ORIENTED_EDGE('',*,*,#11339,.F.);
#11348=ORIENTED_EDGE('',*,*,#11290,.T.);
#11359=EDGE_CURVE('',#11332,#11281,#11364,.T.);
#11364=LINE('',#11333,#11366);
#11366=VECTOR('',#11367,0.10159365);
#11367=DIRECTION('',(0.0,0.0,1.0));
#11358=ORIENTED_EDGE('',*,*,#11359,.F.);
#11368=STYLED_ITEM('',(#34),#11369);
#11369=ADVANCED_FACE('',(#11375),#11370,.T.);
#11370=PLANE('',#11371);
#11371=AXIS2_PLACEMENT_3D('',#11372,#11373,#11374);
#11372=CARTESIAN_POINT('',(-1.067,-0.813,0.508));
#11373=DIRECTION('',(0.0,1.0,0.0));
#11374=DIRECTION('',(0.,0.,1.));
#11375=FACE_OUTER_BOUND('',#11376,.T.);
#11376=EDGE_LOOP('',(#11377,#11387,#11397,#11407));
#11380=CARTESIAN_POINT('',(-1.473,-0.813,0.508));
#11379=VERTEX_POINT('',#11380);
#11382=CARTESIAN_POINT('',(-1.067,-0.813,0.508));
#11381=VERTEX_POINT('',#11382);
#11378=EDGE_CURVE('',#11379,#11381,#11383,.T.);
#11383=LINE('',#11380,#11385);
#11385=VECTOR('',#11386,0.406399994560336);
#11386=DIRECTION('',(1.0,0.0,0.0));
#11377=ORIENTED_EDGE('',*,*,#11378,.F.);
#11388=EDGE_CURVE('',#11283,#11379,#11393,.T.);
#11393=LINE('',#11284,#11395);
#11395=VECTOR('',#11396,0.10159365);
#11396=DIRECTION('',(0.0,0.0,-1.0));
#11387=ORIENTED_EDGE('',*,*,#11388,.F.);
#11397=ORIENTED_EDGE('',*,*,#11310,.T.);
#11408=EDGE_CURVE('',#11381,#11301,#11413,.T.);
#11413=LINE('',#11382,#11415);
#11415=VECTOR('',#11416,0.10159365);
#11416=DIRECTION('',(0.0,0.0,1.0));
#11407=ORIENTED_EDGE('',*,*,#11408,.F.);
#11417=STYLED_ITEM('',(#34),#11418);
#11418=ADVANCED_FACE('',(#11424),#11419,.T.);
#11419=PLANE('',#11420);
#11420=AXIS2_PLACEMENT_3D('',#11421,#11422,#11423);
#11421=CARTESIAN_POINT('',(-1.473,-1.321,0.406));
#11422=DIRECTION('',(0.0,0.0,1.0));
#11423=DIRECTION('',(0.,1.,0.));
#11424=FACE_OUTER_BOUND('',#11425,.T.);
#11425=EDGE_LOOP('',(#11426,#11436,#11446,#11456));
#11429=CARTESIAN_POINT('',(-1.473,-3.023,0.406));
#11428=VERTEX_POINT('',#11429);
#11431=CARTESIAN_POINT('',(-1.473,-1.321,0.406));
#11430=VERTEX_POINT('',#11431);
#11427=EDGE_CURVE('',#11428,#11430,#11432,.T.);
#11432=LINE('',#11429,#11434);
#11434=VECTOR('',#11435,1.70180634831321);
#11435=DIRECTION('',(0.0,1.0,0.0));
#11426=ORIENTED_EDGE('',*,*,#11427,.F.);
#11439=CARTESIAN_POINT('',(-1.067,-3.023,0.406));
#11438=VERTEX_POINT('',#11439);
#11437=EDGE_CURVE('',#11438,#11428,#11442,.T.);
#11442=LINE('',#11439,#11444);
#11444=VECTOR('',#11445,0.406400208164094);
#11445=DIRECTION('',(-1.0,0.0,0.0));
#11436=ORIENTED_EDGE('',*,*,#11437,.F.);
#11449=CARTESIAN_POINT('',(-1.067,-1.321,0.406));
#11448=VERTEX_POINT('',#11449);
#11447=EDGE_CURVE('',#11448,#11438,#11452,.T.);
#11452=LINE('',#11449,#11454);
#11454=VECTOR('',#11455,1.70180634831321);
#11455=DIRECTION('',(0.0,-1.0,0.0));
#11446=ORIENTED_EDGE('',*,*,#11447,.F.);
#11457=EDGE_CURVE('',#11430,#11448,#11462,.T.);
#11462=LINE('',#11431,#11464);
#11464=VECTOR('',#11465,0.406400026558929);
#11465=DIRECTION('',(1.0,0.0,0.0));
#11456=ORIENTED_EDGE('',*,*,#11457,.F.);
#11515=STYLED_ITEM('',(#34),#11516);
#11516=ADVANCED_FACE('',(#11522),#11517,.T.);
#11517=PLANE('',#11518);
#11518=AXIS2_PLACEMENT_3D('',#11519,#11520,#11521);
#11519=CARTESIAN_POINT('',(-1.067,-1.321,0.0));
#11520=DIRECTION('',(0.0,0.0,-1.0));
#11521=DIRECTION('',(0.,1.,0.));
#11522=FACE_OUTER_BOUND('',#11523,.T.);
#11523=EDGE_LOOP('',(#11524,#11534,#11544,#11554));
#11527=CARTESIAN_POINT('',(-1.067,-3.023,0.0));
#11526=VERTEX_POINT('',#11527);
#11529=CARTESIAN_POINT('',(-1.067,-1.321,0.0));
#11528=VERTEX_POINT('',#11529);
#11525=EDGE_CURVE('',#11526,#11528,#11530,.T.);
#11530=LINE('',#11527,#11532);
#11532=VECTOR('',#11533,1.70180634831321);
#11533=DIRECTION('',(0.0,1.0,0.0));
#11524=ORIENTED_EDGE('',*,*,#11525,.F.);
#11537=CARTESIAN_POINT('',(-1.473,-3.023,0.0));
#11536=VERTEX_POINT('',#11537);
#11535=EDGE_CURVE('',#11536,#11526,#11540,.T.);
#11540=LINE('',#11537,#11542);
#11542=VECTOR('',#11543,0.406400208164094);
#11543=DIRECTION('',(1.0,0.0,0.0));
#11534=ORIENTED_EDGE('',*,*,#11535,.F.);
#11547=CARTESIAN_POINT('',(-1.473,-1.321,0.0));
#11546=VERTEX_POINT('',#11547);
#11545=EDGE_CURVE('',#11546,#11536,#11550,.T.);
#11550=LINE('',#11547,#11552);
#11552=VECTOR('',#11553,1.70180634831321);
#11553=DIRECTION('',(0.0,-1.0,0.0));
#11544=ORIENTED_EDGE('',*,*,#11545,.F.);
#11555=EDGE_CURVE('',#11528,#11546,#11560,.T.);
#11560=LINE('',#11529,#11562);
#11562=VECTOR('',#11563,0.406400026558929);
#11563=DIRECTION('',(-1.0,0.0,0.0));
#11554=ORIENTED_EDGE('',*,*,#11555,.F.);
#11613=STYLED_ITEM('',(#34),#11614);
#11614=ADVANCED_FACE('',(#11620),#11615,.T.);
#11615=PLANE('',#11616);
#11616=AXIS2_PLACEMENT_3D('',#11617,#11618,#11619);
#11617=CARTESIAN_POINT('',(-1.372,-3.124,0.305));
#11618=DIRECTION('',(0.0,-0.707,0.707));
#11619=DIRECTION('',(0.,0.,1.));
#11620=FACE_OUTER_BOUND('',#11621,.T.);
#11621=EDGE_LOOP('',(#11622,#11632,#11642,#11652));
#11625=CARTESIAN_POINT('',(-1.168,-3.124,0.305));
#11624=VERTEX_POINT('',#11625);
#11627=CARTESIAN_POINT('',(-1.372,-3.124,0.305));
#11626=VERTEX_POINT('',#11627);
#11623=EDGE_CURVE('',#11624,#11626,#11628,.T.);
#11628=LINE('',#11625,#11630);
#11630=VECTOR('',#11631,0.203200222495685);
#11631=DIRECTION('',(-1.0,0.0,0.0));
#11622=ORIENTED_EDGE('',*,*,#11623,.F.);
#11633=EDGE_CURVE('',#11438,#11624,#11638,.T.);
#11638=LINE('',#11439,#11640);
#11640=VECTOR('',#11641,0.175976360901697);
#11641=DIRECTION('',(-0.577,-0.577,-0.577));
#11632=ORIENTED_EDGE('',*,*,#11633,.F.);
#11642=ORIENTED_EDGE('',*,*,#11437,.T.);
#11653=EDGE_CURVE('',#11626,#11428,#11658,.T.);
#11658=LINE('',#11627,#11660);
#11660=VECTOR('',#11661,0.175976360901697);
#11661=DIRECTION('',(-0.577,0.577,0.577));
#11652=ORIENTED_EDGE('',*,*,#11653,.F.);
#11662=STYLED_ITEM('',(#34),#11663);
#11663=ADVANCED_FACE('',(#11669),#11664,.T.);
#11664=PLANE('',#11665);
#11665=AXIS2_PLACEMENT_3D('',#11666,#11667,#11668);
#11666=CARTESIAN_POINT('',(-1.473,-3.023,0.0));
#11667=DIRECTION('',(-0.707,-0.707,0.0));
#11668=DIRECTION('',(0.,0.,1.));
#11669=FACE_OUTER_BOUND('',#11670,.T.);
#11670=EDGE_LOOP('',(#11671,#11681,#11691,#11701));
#11674=CARTESIAN_POINT('',(-1.372,-3.124,0.102));
#11673=VERTEX_POINT('',#11674);
#11672=EDGE_CURVE('',#11673,#11536,#11677,.T.);
#11677=LINE('',#11674,#11679);
#11679=VECTOR('',#11680,0.175976360901697);
#11680=DIRECTION('',(-0.577,0.577,-0.577));
#11671=ORIENTED_EDGE('',*,*,#11672,.F.);
#11682=EDGE_CURVE('',#11626,#11673,#11687,.T.);
#11687=LINE('',#11627,#11689);
#11689=VECTOR('',#11690,0.2032);
#11690=DIRECTION('',(0.0,0.0,-1.0));
#11681=ORIENTED_EDGE('',*,*,#11682,.F.);
#11691=ORIENTED_EDGE('',*,*,#11653,.T.);
#11702=EDGE_CURVE('',#11536,#11428,#11707,.T.);
#11707=LINE('',#11537,#11709);
#11709=VECTOR('',#11710,0.4064);
#11710=DIRECTION('',(0.0,0.0,1.0));
#11701=ORIENTED_EDGE('',*,*,#11702,.F.);
#11711=STYLED_ITEM('',(#34),#11712);
#11712=ADVANCED_FACE('',(#11718),#11713,.T.);
#11713=PLANE('',#11714);
#11714=AXIS2_PLACEMENT_3D('',#11715,#11716,#11717);
#11715=CARTESIAN_POINT('',(-1.473,-3.023,0.0));
#11716=DIRECTION('',(0.0,-0.707,-0.707));
#11717=DIRECTION('',(0.,0.,1.));
#11718=FACE_OUTER_BOUND('',#11719,.T.);
#11719=EDGE_LOOP('',(#11720,#11730,#11740,#11750));
#11720=ORIENTED_EDGE('',*,*,#11535,.T.);
#11733=CARTESIAN_POINT('',(-1.168,-3.124,0.102));
#11732=VERTEX_POINT('',#11733);
#11731=EDGE_CURVE('',#11732,#11526,#11736,.T.);
#11736=LINE('',#11733,#11738);
#11738=VECTOR('',#11739,0.175976360901697);
#11739=DIRECTION('',(0.577,0.577,-0.577));
#11730=ORIENTED_EDGE('',*,*,#11731,.F.);
#11741=EDGE_CURVE('',#11673,#11732,#11746,.T.);
#11746=LINE('',#11674,#11748);
#11748=VECTOR('',#11749,0.203200222495685);
#11749=DIRECTION('',(1.0,0.0,0.0));
#11740=ORIENTED_EDGE('',*,*,#11741,.F.);
#11750=ORIENTED_EDGE('',*,*,#11672,.T.);
#11760=STYLED_ITEM('',(#34),#11761);
#11761=ADVANCED_FACE('',(#11767),#11762,.T.);
#11762=PLANE('',#11763);
#11763=AXIS2_PLACEMENT_3D('',#11764,#11765,#11766);
#11764=CARTESIAN_POINT('',(-1.168,-3.124,0.102));
#11765=DIRECTION('',(0.707,-0.707,0.0));
#11766=DIRECTION('',(0.,0.,1.));
#11767=FACE_OUTER_BOUND('',#11768,.T.);
#11768=EDGE_LOOP('',(#11769,#11779,#11789,#11799));
#11769=ORIENTED_EDGE('',*,*,#11731,.T.);
#11780=EDGE_CURVE('',#11438,#11526,#11785,.T.);
#11785=LINE('',#11439,#11787);
#11787=VECTOR('',#11788,0.4064);
#11788=DIRECTION('',(0.0,0.0,-1.0));
#11779=ORIENTED_EDGE('',*,*,#11780,.F.);
#11789=ORIENTED_EDGE('',*,*,#11633,.T.);
#11800=EDGE_CURVE('',#11732,#11624,#11805,.T.);
#11805=LINE('',#11733,#11807);
#11807=VECTOR('',#11808,0.2032);
#11808=DIRECTION('',(0.0,0.0,1.0));
#11799=ORIENTED_EDGE('',*,*,#11800,.F.);
#11809=STYLED_ITEM('',(#34),#11810);
#11810=ADVANCED_FACE('',(#11816),#11811,.T.);
#11811=PLANE('',#11812);
#11812=AXIS2_PLACEMENT_3D('',#11813,#11814,#11815);
#11813=CARTESIAN_POINT('',(-1.372,-3.124,0.102));
#11814=DIRECTION('',(0.0,-1.0,0.0));
#11815=DIRECTION('',(0.,0.,1.));
#11816=FACE_OUTER_BOUND('',#11817,.T.);
#11817=EDGE_LOOP('',(#11818,#11828,#11838,#11848));
#11818=ORIENTED_EDGE('',*,*,#11741,.T.);
#11828=ORIENTED_EDGE('',*,*,#11800,.T.);
#11838=ORIENTED_EDGE('',*,*,#11623,.T.);
#11848=ORIENTED_EDGE('',*,*,#11682,.T.);
#11858=STYLED_ITEM($,(#34),#11859);
#11859=ADVANCED_FACE($,(#11865),#11860,.F.);
#11860=CYLINDRICAL_SURFACE($,#11861,0.10159365);
#11861=AXIS2_PLACEMENT_3D($,#11862,#11863,#11864);
#11862=CARTESIAN_POINT('',(-1.473,-1.321,0.508));
#11863=DIRECTION('',(-1.0,0.0,0.0));
#11864=DIRECTION('',(0.,0.,1.));
#11865=FACE_OUTER_BOUND($,#11866,.T.);
#11866=EDGE_LOOP($,(#11878,#11888,#11899,#11867));
#11878=ORIENTED_EDGE('',*,*,#11457,.T.);
#11889=EDGE_CURVE($,#11330,#11448,#11894,.T.);
#11894=CIRCLE($,#11895,0.10159365);
#11896=CARTESIAN_POINT('',(-1.067,-1.321,0.508));
#11895=AXIS2_PLACEMENT_3D($,#11896,#11897,#11898);
#11897=DIRECTION('',(-1.0,0.0,0.0));
#11898=DIRECTION('',(0.0,-0.707,-0.707));
#11888=ORIENTED_EDGE('',*,*,#11889,.F.);
#11899=ORIENTED_EDGE('',*,*,#11329,.T.);
#11868=EDGE_CURVE($,#11430,#11332,#11873,.T.);
#11873=CIRCLE($,#11874,0.10159365);
#11875=CARTESIAN_POINT('',(-1.473,-1.321,0.508));
#11874=AXIS2_PLACEMENT_3D($,#11875,#11876,#11877);
#11876=DIRECTION('',(1.0,0.0,0.0));
#11877=DIRECTION('',(0.0,0.707,0.707));
#11867=ORIENTED_EDGE('',*,*,#11868,.F.);
#11909=STYLED_ITEM($,(#34),#11910);
#11910=ADVANCED_FACE($,(#11916),#11911,.T.);
#11911=CYLINDRICAL_SURFACE($,#11912,0.50799365);
#11912=AXIS2_PLACEMENT_3D($,#11913,#11914,#11915);
#11913=CARTESIAN_POINT('',(-1.473,-1.321,0.508));
#11914=DIRECTION('',(1.0,0.0,0.0));
#11915=DIRECTION('',(0.,0.,1.));
#11916=FACE_OUTER_BOUND($,#11917,.T.);
#11917=EDGE_LOOP($,(#11929,#11939,#11950,#11918));
#11929=ORIENTED_EDGE('',*,*,#11555,.T.);
#11940=EDGE_CURVE($,#11379,#11546,#11945,.T.);
#11945=CIRCLE($,#11946,0.50799365);
#11946=AXIS2_PLACEMENT_3D($,#11875,#11948,#11949);
#11948=DIRECTION('',(-1.0,0.0,0.0));
#11949=DIRECTION('',(0.0,-0.707,-0.707));
#11939=ORIENTED_EDGE('',*,*,#11940,.F.);
#11950=ORIENTED_EDGE('',*,*,#11378,.T.);
#11919=EDGE_CURVE($,#11528,#11381,#11924,.T.);
#11924=CIRCLE($,#11925,0.50799365);
#11925=AXIS2_PLACEMENT_3D($,#11896,#11927,#11928);
#11927=DIRECTION('',(1.0,0.0,0.0));
#11928=DIRECTION('',(0.0,0.707,0.707));
#11918=ORIENTED_EDGE('',*,*,#11919,.F.);
#11960=STYLED_ITEM('color',(#34),#11961);
#11961=ADVANCED_FACE($,(#11967),#11962,.T.);
#11962=PLANE($,#11963);
#11963=AXIS2_PLACEMENT_3D($,#11964,#11965,#11966);
#11964=CARTESIAN_POINT('',(-1.473,-0.813,0.508));
#11965=DIRECTION('',(-1.0,0.0,0.0));
#11966=DIRECTION('',(1.,0.,0.));
#11967=FACE_OUTER_BOUND($,#11968,.T.);
#11968=EDGE_LOOP($,(#11971, #11981, #11991, #12001, #12012, #12022, #12032, #12042));
#11971=ORIENTED_EDGE('',*,*,#11359,.T.);
#11981=ORIENTED_EDGE('',*,*,#11280,.T.);
#11991=ORIENTED_EDGE('',*,*,#11388,.T.);
#12001=ORIENTED_EDGE('',*,*,#11940,.T.);
#12012=ORIENTED_EDGE('',*,*,#11545,.T.);
#12022=ORIENTED_EDGE('',*,*,#11702,.T.);
#12032=ORIENTED_EDGE('',*,*,#11427,.T.);
#12042=ORIENTED_EDGE('',*,*,#11868,.T.);
#12053=STYLED_ITEM('color',(#34),#12054);
#12054=ADVANCED_FACE($,(#12060),#12055,.T.);
#12055=PLANE($,#12056);
#12056=AXIS2_PLACEMENT_3D($,#12057,#12058,#12059);
#12057=CARTESIAN_POINT('',(-1.067,-0.813,0.508));
#12058=DIRECTION('',(1.0,0.0,0.0));
#12059=DIRECTION('',(-1.,0.,0.));
#12060=FACE_OUTER_BOUND($,#12061,.T.);
#12061=EDGE_LOOP($,(#12064, #12074, #12084, #12094, #12105, #12115, #12125, #12135));
#12064=ORIENTED_EDGE('',*,*,#11408,.T.);
#12074=ORIENTED_EDGE('',*,*,#11300,.T.);
#12084=ORIENTED_EDGE('',*,*,#11339,.T.);
#12094=ORIENTED_EDGE('',*,*,#11889,.T.);
#12105=ORIENTED_EDGE('',*,*,#11447,.T.);
#12115=ORIENTED_EDGE('',*,*,#11780,.T.);
#12125=ORIENTED_EDGE('',*,*,#11525,.T.);
#12135=ORIENTED_EDGE('',*,*,#11919,.T.);
ENDSEC;
END-ISO-10303-21;
